26,3,urx8hn97bBER81ZJCs3+DI4dH1M=,J0BAb5thLfi9JKdq91Y7JXnzaRA=
25,3,urx8hn97bBER81ZJCs3+DI4dH1M=,mcmYOm2iYNwZyciPWF/Oc0LO+X4=
25,4,urx8hn97bBER81ZJCs3+DI4dH1M=,SLNJFLulUP9tbzCVRQzXiLEb9cE=
26,4,urx8hn97bBER81ZJCs3+DI4dH1M=,IbO5MyQpjlk7PsjHp1lK/bYj5Wk=
27,3,n5LIHlaYv+X3xoNHbZ51W6n9pg0=,J0BAb5thLfi9JKdq91Y7JXnzaRA=
28,3,n5LIHlaYv+X3xoNHbZ51W6n9pg0=,JUnBfEoFjD1v2Q8fbJVbbhWGrxM=
28,4,n5LIHlaYv+X3xoNHbZ51W6n9pg0=,IlF6ft5xlO64ajChEknB/17MI9M=
27,4,n5LIHlaYv+X3xoNHbZ51W6n9pg0=,IbO5MyQpjlk7PsjHp1lK/bYj5Wk=
27,6,n5LIHlaYv+X3xoNHbZ51W6n9pg0=,gaMbEURQOFtfMw4FHljALJwIhoQ=
28,6,n5LIHlaYv+X3xoNHbZ51W6n9pg0=,0VFn5dZvI3LRQI9yc+FY2Mt+BOg=
26,5,n5LIHlaYv+X3xoNHbZ51W6n9pg0=,IbO5MyQpjlk7PsjHp1lK/bYj5Wk=
26,6,n5LIHlaYv+X3xoNHbZ51W6n9pg0=,gaMbEURQOFtfMw4FHljALJwIhoQ=
27,5,n5LIHlaYv+X3xoNHbZ51W6n9pg0=,IbO5MyQpjlk7PsjHp1lK/bYj5Wk=
28,5,n5LIHlaYv+X3xoNHbZ51W6n9pg0=,IlF6ft5xlO64ajChEknB/17MI9M=
25,5,n5LIHlaYv+X3xoNHbZ51W6n9pg0=,SLNJFLulUP9tbzCVRQzXiLEb9cE=
25,6,n5LIHlaYv+X3xoNHbZ51W6n9pg0=,tVhJIj8/0Luhp5Z4tBMz7qCBqQM=
26,7,4183p/sd0M5W2rCvy+X+HLbf8Xc=,gaMbEURQOFtfMw4FHljALJwIhoQ=
26,9,4183p/sd0M5W2rCvy+X+HLbf8Xc=,rvRCa6+JpmUO/QJ4hi0kCWUEqYw=
26,10,4183p/sd0M5W2rCvy+X+HLbf8Xc=,nXKoewZMkmZksMmLLSSmnEbaTTY=
26,8,4183p/sd0M5W2rCvy+X+HLbf8Xc=,rvRCa6+JpmUO/QJ4hi0kCWUEqYw=
25,7,4183p/sd0M5W2rCvy+X+HLbf8Xc=,tVhJIj8/0Luhp5Z4tBMz7qCBqQM=
25,10,4183p/sd0M5W2rCvy+X+HLbf8Xc=,WbwkgfHOAibjQYPexkGbbYMU128=
25,8,4183p/sd0M5W2rCvy+X+HLbf8Xc=,+MlGxTRlQCSE9iAEvJu+8VhIvOo=
25,9,4183p/sd0M5W2rCvy+X+HLbf8Xc=,+MlGxTRlQCSE9iAEvJu+8VhIvOo=
27,12,8OpRIsijtjOtjtpXlvHocCs6iLw=,ZUWyDKeG7ut3OOoZfLK9EVn1+QY=
27,11,8OpRIsijtjOtjtpXlvHocCs6iLw=,nXKoewZMkmZksMmLLSSmnEbaTTY=
28,11,8OpRIsijtjOtjtpXlvHocCs6iLw=,wfQwIr7FE+qxivPIUGK9WQYQy9o=
28,12,8OpRIsijtjOtjtpXlvHocCs6iLw=,PkmLjKPF63qWXSW0K7Ct6kOk6Rg=
27,13,8OpRIsijtjOtjtpXlvHocCs6iLw=,ZUWyDKeG7ut3OOoZfLK9EVn1+QY=
27,14,1YZ9cNMasPYcSok6FXqoEWmvT/M=,hs1ddVbcSBgGD8nE8SP4X1wIEj4=
30,13,1YZ9cNMasPYcSok6FXqoEWmvT/M=,BxJutXHUyN895mqcVFhAD075Wuk=
28,13,1YZ9cNMasPYcSok6FXqoEWmvT/M=,PkmLjKPF63qWXSW0K7Ct6kOk6Rg=
29,13,1YZ9cNMasPYcSok6FXqoEWmvT/M=,PkmLjKPF63qWXSW0K7Ct6kOk6Rg=
26,13,1YZ9cNMasPYcSok6FXqoEWmvT/M=,ZUWyDKeG7ut3OOoZfLK9EVn1+QY=
26,12,1YZ9cNMasPYcSok6FXqoEWmvT/M=,ZUWyDKeG7ut3OOoZfLK9EVn1+QY=
30,14,1YZ9cNMasPYcSok6FXqoEWmvT/M=,K3DN0PXh2/4HrK3EmAsc9iVrPME=
24,13,1YZ9cNMasPYcSok6FXqoEWmvT/M=,j5ff+Etens52cuMfyyPjszgWHC4=
23,13,1YZ9cNMasPYcSok6FXqoEWmvT/M=,MSpPhsh+zy+2yrTrpADZNCsT0L0=
25,11,1YZ9cNMasPYcSok6FXqoEWmvT/M=,WbwkgfHOAibjQYPexkGbbYMU128=
24,14,1YZ9cNMasPYcSok6FXqoEWmvT/M=,eZfIHp/m5df2y2BdJFFOhje8hYk=
23,14,1YZ9cNMasPYcSok6FXqoEWmvT/M=,Hs1GNL/T3Jr9eZxgXIo2vCxIT/E=
26,14,1YZ9cNMasPYcSok6FXqoEWmvT/M=,hs1ddVbcSBgGD8nE8SP4X1wIEj4=
29,14,1YZ9cNMasPYcSok6FXqoEWmvT/M=,Qe9J66gArDGBCgMX9Qs7c1MBRwg=
28,14,1YZ9cNMasPYcSok6FXqoEWmvT/M=,Qe9J66gArDGBCgMX9Qs7c1MBRwg=
26,11,1YZ9cNMasPYcSok6FXqoEWmvT/M=,nXKoewZMkmZksMmLLSSmnEbaTTY=
25,14,s2IZ08m/1rEgDz9vbzAVXDR9mMM=,eZfIHp/m5df2y2BdJFFOhje8hYk=
25,13,s2IZ08m/1rEgDz9vbzAVXDR9mMM=,j5ff+Etens52cuMfyyPjszgWHC4=
22,13,s2IZ08m/1rEgDz9vbzAVXDR9mMM=,MSpPhsh+zy+2yrTrpADZNCsT0L0=
25,12,s2IZ08m/1rEgDz9vbzAVXDR9mMM=,j5ff+Etens52cuMfyyPjszgWHC4=
22,14,s2IZ08m/1rEgDz9vbzAVXDR9mMM=,Hs1GNL/T3Jr9eZxgXIo2vCxIT/E=
21,14,s2IZ08m/1rEgDz9vbzAVXDR9mMM=,BjC0jfH2kjkkP2hCC6M67fg4eC8=
20,14,s2IZ08m/1rEgDz9vbzAVXDR9mMM=,BjC0jfH2kjkkP2hCC6M67fg4eC8=
21,13,s2IZ08m/1rEgDz9vbzAVXDR9mMM=,xecmgZqvHxij02005cVTTLdxXpQ=
20,13,s2IZ08m/1rEgDz9vbzAVXDR9mMM=,xecmgZqvHxij02005cVTTLdxXpQ=
19,13,s2IZ08m/1rEgDz9vbzAVXDR9mMM=,btFshzCHyb4YoT2JpPyOPZPtdLk=
19,14,96GNBhcnprxGVpQUt7/OWt2kPWE=,kP+DNMywtRYZDjz+oUzrHUSkghA=
18,4,311bqj/LNvJuWlhvtr98vDWfp2c=,+U+rPXekwMi1WQ2pocym8j0fL00=
18,3,311bqj/LNvJuWlhvtr98vDWfp2c=,xmjQNfLfYywrPLq7+Yz8jV3ejs4=
18,5,311bqj/LNvJuWlhvtr98vDWfp2c=,+U+rPXekwMi1WQ2pocym8j0fL00=
18,1,311bqj/LNvJuWlhvtr98vDWfp2c=,ymMjLLU+3o1akoDDvRfz2dD6PcQ=
17,6,311bqj/LNvJuWlhvtr98vDWfp2c=,8VdJw/ddbIevJzphRYzba0LHUCA=
17,3,311bqj/LNvJuWlhvtr98vDWfp2c=,7cdju6Ve5Yi7KYUv9fWDZR17TCc=
17,5,311bqj/LNvJuWlhvtr98vDWfp2c=,JIYA8jwFPrmji2p7asQE3xw/Py0=
18,6,311bqj/LNvJuWlhvtr98vDWfp2c=,iIwrg1BgvzuYDfjUqD8kBM8sEbY=
17,4,311bqj/LNvJuWlhvtr98vDWfp2c=,JIYA8jwFPrmji2p7asQE3xw/Py0=
18,2,n3NgLkawHtmJWRLp/aA9uZ79UyE=,xmjQNfLfYywrPLq7+Yz8jV3ejs4=
17,1,n3NgLkawHtmJWRLp/aA9uZ79UyE=,jir9jOOMfjJOfeuqomNpCTGEzgA=
17,2,n3NgLkawHtmJWRLp/aA9uZ79UyE=,7cdju6Ve5Yi7KYUv9fWDZR17TCc=
18,8,n3NgLkawHtmJWRLp/aA9uZ79UyE=,kWkOfUiMP0DLZDqcwlXP3cfVq6c=
18,7,n3NgLkawHtmJWRLp/aA9uZ79UyE=,iIwrg1BgvzuYDfjUqD8kBM8sEbY=
17,8,n3NgLkawHtmJWRLp/aA9uZ79UyE=,O/JD1XkRHMNkE4ew9ybOWEsZ+pU=
17,7,n3NgLkawHtmJWRLp/aA9uZ79UyE=,8VdJw/ddbIevJzphRYzba0LHUCA=
18,12,n3NgLkawHtmJWRLp/aA9uZ79UyE=,btFshzCHyb4YoT2JpPyOPZPtdLk=
17,13,n3NgLkawHtmJWRLp/aA9uZ79UyE=,giSnyVbODHnj7YRhL7NuJfjMJKA=
17,9,n3NgLkawHtmJWRLp/aA9uZ79UyE=,O/JD1XkRHMNkE4ew9ybOWEsZ+pU=
18,9,n3NgLkawHtmJWRLp/aA9uZ79UyE=,kWkOfUiMP0DLZDqcwlXP3cfVq6c=
17,11,n3NgLkawHtmJWRLp/aA9uZ79UyE=,IccH5mRXDUS89uf2X//62qFN8hI=
18,13,n3NgLkawHtmJWRLp/aA9uZ79UyE=,btFshzCHyb4YoT2JpPyOPZPtdLk=
17,12,n3NgLkawHtmJWRLp/aA9uZ79UyE=,giSnyVbODHnj7YRhL7NuJfjMJKA=
17,10,n3NgLkawHtmJWRLp/aA9uZ79UyE=,IccH5mRXDUS89uf2X//62qFN8hI=
17,14,n3NgLkawHtmJWRLp/aA9uZ79UyE=,qBwYbVsBVLyA9iOt8m+C8ta46so=
18,14,n3NgLkawHtmJWRLp/aA9uZ79UyE=,kP+DNMywtRYZDjz+oUzrHUSkghA=
16,10,n3NgLkawHtmJWRLp/aA9uZ79UyE=,IccH5mRXDUS89uf2X//62qFN8hI=
16,12,n3NgLkawHtmJWRLp/aA9uZ79UyE=,giSnyVbODHnj7YRhL7NuJfjMJKA=
16,11,n3NgLkawHtmJWRLp/aA9uZ79UyE=,IccH5mRXDUS89uf2X//62qFN8hI=
16,9,n3NgLkawHtmJWRLp/aA9uZ79UyE=,O/JD1XkRHMNkE4ew9ybOWEsZ+pU=
18,10,n3NgLkawHtmJWRLp/aA9uZ79UyE=,zRYKuE8odq5wwEMRRhuiRLJPiwI=
18,11,n3NgLkawHtmJWRLp/aA9uZ79UyE=,zRYKuE8odq5wwEMRRhuiRLJPiwI=
16,14,UIf6+DpORY13kEIaSjdZHus3zww=,qBwYbVsBVLyA9iOt8m+C8ta46so=
16,13,UIf6+DpORY13kEIaSjdZHus3zww=,giSnyVbODHnj7YRhL7NuJfjMJKA=
20,15,UIf6+DpORY13kEIaSjdZHus3zww=,BjC0jfH2kjkkP2hCC6M67fg4eC8=
31,13,UIf6+DpORY13kEIaSjdZHus3zww=,BxJutXHUyN895mqcVFhAD075Wuk=
18,15,UIf6+DpORY13kEIaSjdZHus3zww=,kP+DNMywtRYZDjz+oUzrHUSkghA=
21,15,UIf6+DpORY13kEIaSjdZHus3zww=,BjC0jfH2kjkkP2hCC6M67fg4eC8=
22,15,UIf6+DpORY13kEIaSjdZHus3zww=,Hs1GNL/T3Jr9eZxgXIo2vCxIT/E=
16,15,UIf6+DpORY13kEIaSjdZHus3zww=,qBwYbVsBVLyA9iOt8m+C8ta46so=
24,15,UIf6+DpORY13kEIaSjdZHus3zww=,eZfIHp/m5df2y2BdJFFOhje8hYk=
19,15,UIf6+DpORY13kEIaSjdZHus3zww=,kP+DNMywtRYZDjz+oUzrHUSkghA=
31,14,UIf6+DpORY13kEIaSjdZHus3zww=,K3DN0PXh2/4HrK3EmAsc9iVrPME=
17,15,UIf6+DpORY13kEIaSjdZHus3zww=,qBwYbVsBVLyA9iOt8m+C8ta46so=
31,15,UIf6+DpORY13kEIaSjdZHus3zww=,K3DN0PXh2/4HrK3EmAsc9iVrPME=
27,15,UIf6+DpORY13kEIaSjdZHus3zww=,hs1ddVbcSBgGD8nE8SP4X1wIEj4=
30,15,UIf6+DpORY13kEIaSjdZHus3zww=,K3DN0PXh2/4HrK3EmAsc9iVrPME=
23,15,UIf6+DpORY13kEIaSjdZHus3zww=,Hs1GNL/T3Jr9eZxgXIo2vCxIT/E=
26,15,UIf6+DpORY13kEIaSjdZHus3zww=,hs1ddVbcSBgGD8nE8SP4X1wIEj4=
28,15,UIf6+DpORY13kEIaSjdZHus3zww=,Qe9J66gArDGBCgMX9Qs7c1MBRwg=
25,15,UIf6+DpORY13kEIaSjdZHus3zww=,eZfIHp/m5df2y2BdJFFOhje8hYk=
29,15,ZVgX470W7gqjwP7ABGmbxChJnk8=,Qe9J66gArDGBCgMX9Qs7c1MBRwg=
30,11,ZVgX470W7gqjwP7ABGmbxChJnk8=,CFcmuwQTne/MW90W0VhcciTBJJA=
30,12,ZVgX470W7gqjwP7ABGmbxChJnk8=,BxJutXHUyN895mqcVFhAD075Wuk=
29,11,ZVgX470W7gqjwP7ABGmbxChJnk8=,wfQwIr7FE+qxivPIUGK9WQYQy9o=
30,9,ZVgX470W7gqjwP7ABGmbxChJnk8=,DDmp+BjZu/TEfEJD4/nralj3nWc=
29,12,ZVgX470W7gqjwP7ABGmbxChJnk8=,PkmLjKPF63qWXSW0K7Ct6kOk6Rg=
29,9,ZVgX470W7gqjwP7ABGmbxChJnk8=,Ht6+TMW2gBeDLo/NSCjdCTZ8kzI=
30,10,ZVgX470W7gqjwP7ABGmbxChJnk8=,CFcmuwQTne/MW90W0VhcciTBJJA=
29,10,ZVgX470W7gqjwP7ABGmbxChJnk8=,wfQwIr7FE+qxivPIUGK9WQYQy9o=
28,9,ZVgX470W7gqjwP7ABGmbxChJnk8=,Ht6+TMW2gBeDLo/NSCjdCTZ8kzI=
28,10,ZVgX470W7gqjwP7ABGmbxChJnk8=,wfQwIr7FE+qxivPIUGK9WQYQy9o=
27,10,ZVgX470W7gqjwP7ABGmbxChJnk8=,nXKoewZMkmZksMmLLSSmnEbaTTY=
28,8,ZVgX470W7gqjwP7ABGmbxChJnk8=,Ht6+TMW2gBeDLo/NSCjdCTZ8kzI=
28,7,ZVgX470W7gqjwP7ABGmbxChJnk8=,0VFn5dZvI3LRQI9yc+FY2Mt+BOg=
30,7,ZVgX470W7gqjwP7ABGmbxChJnk8=,hP+Hup2LrAT8wlGauUp1dPaXXJg=
27,9,ZVgX470W7gqjwP7ABGmbxChJnk8=,rvRCa6+JpmUO/QJ4hi0kCWUEqYw=
30,8,ZVgX470W7gqjwP7ABGmbxChJnk8=,DDmp+BjZu/TEfEJD4/nralj3nWc=
29,8,ZVgX470W7gqjwP7ABGmbxChJnk8=,Ht6+TMW2gBeDLo/NSCjdCTZ8kzI=
27,7,ZVgX470W7gqjwP7ABGmbxChJnk8=,gaMbEURQOFtfMw4FHljALJwIhoQ=
27,8,ZVgX470W7gqjwP7ABGmbxChJnk8=,rvRCa6+JpmUO/QJ4hi0kCWUEqYw=
29,7,ZVgX470W7gqjwP7ABGmbxChJnk8=,0VFn5dZvI3LRQI9yc+FY2Mt+BOg=
30,5,kbs6vN4cTQ9YU4wp9rMJPV1EOm0=,lmcIjq0clwMIuRtDxEsGI7pvcA0=
30,6,kbs6vN4cTQ9YU4wp9rMJPV1EOm0=,hP+Hup2LrAT8wlGauUp1dPaXXJg=
30,3,kbs6vN4cTQ9YU4wp9rMJPV1EOm0=,X3ECO3RV+1HWLcKfZS7p/Tts0pY=
29,6,kbs6vN4cTQ9YU4wp9rMJPV1EOm0=,0VFn5dZvI3LRQI9yc+FY2Mt+BOg=
30,1,kbs6vN4cTQ9YU4wp9rMJPV1EOm0=,a9EMGgDkeE3D3tGH4M5q4j0yyaM=
29,2,kbs6vN4cTQ9YU4wp9rMJPV1EOm0=,JUnBfEoFjD1v2Q8fbJVbbhWGrxM=
29,1,kbs6vN4cTQ9YU4wp9rMJPV1EOm0=,x+EUQQcxn+n4nH27UlStqJdyFgQ=
30,4,kbs6vN4cTQ9YU4wp9rMJPV1EOm0=,lmcIjq0clwMIuRtDxEsGI7pvcA0=
29,5,kbs6vN4cTQ9YU4wp9rMJPV1EOm0=,IlF6ft5xlO64ajChEknB/17MI9M=
30,2,kbs6vN4cTQ9YU4wp9rMJPV1EOm0=,X3ECO3RV+1HWLcKfZS7p/Tts0pY=
29,3,kbs6vN4cTQ9YU4wp9rMJPV1EOm0=,JUnBfEoFjD1v2Q8fbJVbbhWGrxM=
29,4,kbs6vN4cTQ9YU4wp9rMJPV1EOm0=,IlF6ft5xlO64ajChEknB/17MI9M=
27,1,kbs6vN4cTQ9YU4wp9rMJPV1EOm0=,iGNqgLlddNbZ2FLENV0/7KnTFmk=
27,2,kbs6vN4cTQ9YU4wp9rMJPV1EOm0=,J0BAb5thLfi9JKdq91Y7JXnzaRA=
28,2,kbs6vN4cTQ9YU4wp9rMJPV1EOm0=,JUnBfEoFjD1v2Q8fbJVbbhWGrxM=
28,1,URj/sfPJ4tnrcbH4j0xBGRGGnA4=,x+EUQQcxn+n4nH27UlStqJdyFgQ=
26,1,URj/sfPJ4tnrcbH4j0xBGRGGnA4=,iGNqgLlddNbZ2FLENV0/7KnTFmk=
26,2,URj/sfPJ4tnrcbH4j0xBGRGGnA4=,J0BAb5thLfi9JKdq91Y7JXnzaRA=
25,2,URj/sfPJ4tnrcbH4j0xBGRGGnA4=,mcmYOm2iYNwZyciPWF/Oc0LO+X4=
24,1,URj/sfPJ4tnrcbH4j0xBGRGGnA4=,BGxbosQCvlPcWA/P46JD69oBowU=
25,1,URj/sfPJ4tnrcbH4j0xBGRGGnA4=,BGxbosQCvlPcWA/P46JD69oBowU=
24,2,URj/sfPJ4tnrcbH4j0xBGRGGnA4=,mcmYOm2iYNwZyciPWF/Oc0LO+X4=
23,2,ULwHyH1qCRDpMrIVhWm37KFwZwE=,rp6lKkvZceiZHSNr2NMCCZC0bM8=
23,1,ULwHyH1qCRDpMrIVhWm37KFwZwE=,e7YDrP02bRAcS6mMGo+qoTxA8vg=
20,3,ULwHyH1qCRDpMrIVhWm37KFwZwE=,9HBDWbHNqUvs9AlrAu0rcgBMUJY=
20,4,ULwHyH1qCRDpMrIVhWm37KFwZwE=,bSiIqrJ+3RXIhoqHU0PczLvGv3Q=
22,1,ULwHyH1qCRDpMrIVhWm37KFwZwE=,e7YDrP02bRAcS6mMGo+qoTxA8vg=
20,6,ULwHyH1qCRDpMrIVhWm37KFwZwE=,e+1Y52HeTJFspz2oK+YgqFODHpo=
19,3,ULwHyH1qCRDpMrIVhWm37KFwZwE=,xmjQNfLfYywrPLq7+Yz8jV3ejs4=
19,4,ULwHyH1qCRDpMrIVhWm37KFwZwE=,+U+rPXekwMi1WQ2pocym8j0fL00=
19,5,ULwHyH1qCRDpMrIVhWm37KFwZwE=,+U+rPXekwMi1WQ2pocym8j0fL00=
19,6,ULwHyH1qCRDpMrIVhWm37KFwZwE=,iIwrg1BgvzuYDfjUqD8kBM8sEbY=
19,1,ULwHyH1qCRDpMrIVhWm37KFwZwE=,ymMjLLU+3o1akoDDvRfz2dD6PcQ=
19,2,ULwHyH1qCRDpMrIVhWm37KFwZwE=,xmjQNfLfYywrPLq7+Yz8jV3ejs4=
20,8,ULwHyH1qCRDpMrIVhWm37KFwZwE=,YddoPJQhsEINBnAC7wvEvOEr3CM=
20,5,ULwHyH1qCRDpMrIVhWm37KFwZwE=,bSiIqrJ+3RXIhoqHU0PczLvGv3Q=
20,7,ULwHyH1qCRDpMrIVhWm37KFwZwE=,e+1Y52HeTJFspz2oK+YgqFODHpo=
19,8,ULwHyH1qCRDpMrIVhWm37KFwZwE=,kWkOfUiMP0DLZDqcwlXP3cfVq6c=
22,2,ULwHyH1qCRDpMrIVhWm37KFwZwE=,rp6lKkvZceiZHSNr2NMCCZC0bM8=
20,1,ULwHyH1qCRDpMrIVhWm37KFwZwE=,8gHw2Z4WPL5ljF6f/1Z4O6A5S54=
19,7,ULwHyH1qCRDpMrIVhWm37KFwZwE=,iIwrg1BgvzuYDfjUqD8kBM8sEbY=
21,2,b80nLY7dsQzHzYuiqN+wDNYlCKM=,9HBDWbHNqUvs9AlrAu0rcgBMUJY=
20,11,b80nLY7dsQzHzYuiqN+wDNYlCKM=,bZzC7CyRmLULBZkN7wLqTbN6vKw=
20,10,b80nLY7dsQzHzYuiqN+wDNYlCKM=,bZzC7CyRmLULBZkN7wLqTbN6vKw=
21,1,b80nLY7dsQzHzYuiqN+wDNYlCKM=,8gHw2Z4WPL5ljF6f/1Z4O6A5S54=
20,9,b80nLY7dsQzHzYuiqN+wDNYlCKM=,YddoPJQhsEINBnAC7wvEvOEr3CM=
20,12,b80nLY7dsQzHzYuiqN+wDNYlCKM=,xecmgZqvHxij02005cVTTLdxXpQ=
19,12,b80nLY7dsQzHzYuiqN+wDNYlCKM=,btFshzCHyb4YoT2JpPyOPZPtdLk=
24,12,b80nLY7dsQzHzYuiqN+wDNYlCKM=,j5ff+Etens52cuMfyyPjszgWHC4=
20,2,b80nLY7dsQzHzYuiqN+wDNYlCKM=,9HBDWbHNqUvs9AlrAu0rcgBMUJY=
24,11,b80nLY7dsQzHzYuiqN+wDNYlCKM=,WbwkgfHOAibjQYPexkGbbYMU128=
19,9,b80nLY7dsQzHzYuiqN+wDNYlCKM=,kWkOfUiMP0DLZDqcwlXP3cfVq6c=
21,9,b80nLY7dsQzHzYuiqN+wDNYlCKM=,YddoPJQhsEINBnAC7wvEvOEr3CM=
21,12,b80nLY7dsQzHzYuiqN+wDNYlCKM=,xecmgZqvHxij02005cVTTLdxXpQ=
27,0,b80nLY7dsQzHzYuiqN+wDNYlCKM=,iGNqgLlddNbZ2FLENV0/7KnTFmk=
28,0,b80nLY7dsQzHzYuiqN+wDNYlCKM=,x+EUQQcxn+n4nH27UlStqJdyFgQ=
24,10,b80nLY7dsQzHzYuiqN+wDNYlCKM=,WbwkgfHOAibjQYPexkGbbYMU128=
30,0,b80nLY7dsQzHzYuiqN+wDNYlCKM=,a9EMGgDkeE3D3tGH4M5q4j0yyaM=
21,10,b80nLY7dsQzHzYuiqN+wDNYlCKM=,bZzC7CyRmLULBZkN7wLqTbN6vKw=
21,11,b80nLY7dsQzHzYuiqN+wDNYlCKM=,bZzC7CyRmLULBZkN7wLqTbN6vKw=
19,11,b80nLY7dsQzHzYuiqN+wDNYlCKM=,zRYKuE8odq5wwEMRRhuiRLJPiwI=
19,10,b80nLY7dsQzHzYuiqN+wDNYlCKM=,zRYKuE8odq5wwEMRRhuiRLJPiwI=
31,11,b80nLY7dsQzHzYuiqN+wDNYlCKM=,CFcmuwQTne/MW90W0VhcciTBJJA=
29,0,b80nLY7dsQzHzYuiqN+wDNYlCKM=,x+EUQQcxn+n4nH27UlStqJdyFgQ=
31,10,b80nLY7dsQzHzYuiqN+wDNYlCKM=,CFcmuwQTne/MW90W0VhcciTBJJA=
31,9,b80nLY7dsQzHzYuiqN+wDNYlCKM=,DDmp+BjZu/TEfEJD4/nralj3nWc=
31,12,b80nLY7dsQzHzYuiqN+wDNYlCKM=,BxJutXHUyN895mqcVFhAD075Wuk=
31,7,b80nLY7dsQzHzYuiqN+wDNYlCKM=,hP+Hup2LrAT8wlGauUp1dPaXXJg=
31,8,b80nLY7dsQzHzYuiqN+wDNYlCKM=,DDmp+BjZu/TEfEJD4/nralj3nWc=
22,12,b80nLY7dsQzHzYuiqN+wDNYlCKM=,MSpPhsh+zy+2yrTrpADZNCsT0L0=
23,10,b80nLY7dsQzHzYuiqN+wDNYlCKM=,zb06kFFj51lyC5hpFrcCPO7IbXI=
22,11,b80nLY7dsQzHzYuiqN+wDNYlCKM=,zb06kFFj51lyC5hpFrcCPO7IbXI=
23,12,b80nLY7dsQzHzYuiqN+wDNYlCKM=,MSpPhsh+zy+2yrTrpADZNCsT0L0=
22,10,b80nLY7dsQzHzYuiqN+wDNYlCKM=,zb06kFFj51lyC5hpFrcCPO7IbXI=
21,8,b80nLY7dsQzHzYuiqN+wDNYlCKM=,YddoPJQhsEINBnAC7wvEvOEr3CM=
31,5,b80nLY7dsQzHzYuiqN+wDNYlCKM=,lmcIjq0clwMIuRtDxEsGI7pvcA0=
23,11,b80nLY7dsQzHzYuiqN+wDNYlCKM=,zb06kFFj51lyC5hpFrcCPO7IbXI=
21,7,b80nLY7dsQzHzYuiqN+wDNYlCKM=,e+1Y52HeTJFspz2oK+YgqFODHpo=
23,9,7o8Qz4FNq+rPETmGi3AfUjLMoog=,CUeazn3wdgQxoalB3SnUQ0PvOlY=
22,7,7o8Qz4FNq+rPETmGi3AfUjLMoog=,T14Ityqktv51JgHhy/zYWUPcghA=
22,9,7o8Qz4FNq+rPETmGi3AfUjLMoog=,CUeazn3wdgQxoalB3SnUQ0PvOlY=
31,6,7o8Qz4FNq+rPETmGi3AfUjLMoog=,hP+Hup2LrAT8wlGauUp1dPaXXJg=
24,9,7o8Qz4FNq+rPETmGi3AfUjLMoog=,+MlGxTRlQCSE9iAEvJu+8VhIvOo=
31,3,7o8Qz4FNq+rPETmGi3AfUjLMoog=,X3ECO3RV+1HWLcKfZS7p/Tts0pY=
31,1,7o8Qz4FNq+rPETmGi3AfUjLMoog=,a9EMGgDkeE3D3tGH4M5q4j0yyaM=
23,7,7o8Qz4FNq+rPETmGi3AfUjLMoog=,T14Ityqktv51JgHhy/zYWUPcghA=
21,6,7o8Qz4FNq+rPETmGi3AfUjLMoog=,e+1Y52HeTJFspz2oK+YgqFODHpo=
24,7,7o8Qz4FNq+rPETmGi3AfUjLMoog=,tVhJIj8/0Luhp5Z4tBMz7qCBqQM=
31,4,7o8Qz4FNq+rPETmGi3AfUjLMoog=,lmcIjq0clwMIuRtDxEsGI7pvcA0=
31,2,7o8Qz4FNq+rPETmGi3AfUjLMoog=,X3ECO3RV+1HWLcKfZS7p/Tts0pY=
31,0,7o8Qz4FNq+rPETmGi3AfUjLMoog=,a9EMGgDkeE3D3tGH4M5q4j0yyaM=
21,5,7o8Qz4FNq+rPETmGi3AfUjLMoog=,bSiIqrJ+3RXIhoqHU0PczLvGv3Q=
22,4,7o8Qz4FNq+rPETmGi3AfUjLMoog=,KF7SxIkrwbOPRKux0SP5VU27wbc=
22,5,7o8Qz4FNq+rPETmGi3AfUjLMoog=,KF7SxIkrwbOPRKux0SP5VU27wbc=
21,3,7o8Qz4FNq+rPETmGi3AfUjLMoog=,9HBDWbHNqUvs9AlrAu0rcgBMUJY=
22,6,7o8Qz4FNq+rPETmGi3AfUjLMoog=,T14Ityqktv51JgHhy/zYWUPcghA=
21,4,7o8Qz4FNq+rPETmGi3AfUjLMoog=,bSiIqrJ+3RXIhoqHU0PczLvGv3Q=
24,6,7o8Qz4FNq+rPETmGi3AfUjLMoog=,tVhJIj8/0Luhp5Z4tBMz7qCBqQM=
23,8,7o8Qz4FNq+rPETmGi3AfUjLMoog=,CUeazn3wdgQxoalB3SnUQ0PvOlY=
22,8,7o8Qz4FNq+rPETmGi3AfUjLMoog=,CUeazn3wdgQxoalB3SnUQ0PvOlY=
23,3,7o8Qz4FNq+rPETmGi3AfUjLMoog=,rp6lKkvZceiZHSNr2NMCCZC0bM8=
22,3,7o8Qz4FNq+rPETmGi3AfUjLMoog=,rp6lKkvZceiZHSNr2NMCCZC0bM8=
23,4,7o8Qz4FNq+rPETmGi3AfUjLMoog=,KF7SxIkrwbOPRKux0SP5VU27wbc=
23,6,7o8Qz4FNq+rPETmGi3AfUjLMoog=,T14Ityqktv51JgHhy/zYWUPcghA=
16,0,7o8Qz4FNq+rPETmGi3AfUjLMoog=,jir9jOOMfjJOfeuqomNpCTGEzgA=
18,0,7o8Qz4FNq+rPETmGi3AfUjLMoog=,ymMjLLU+3o1akoDDvRfz2dD6PcQ=
17,0,7o8Qz4FNq+rPETmGi3AfUjLMoog=,jir9jOOMfjJOfeuqomNpCTGEzgA=
23,5,7o8Qz4FNq+rPETmGi3AfUjLMoog=,KF7SxIkrwbOPRKux0SP5VU27wbc=
24,0,7o8Qz4FNq+rPETmGi3AfUjLMoog=,BGxbosQCvlPcWA/P46JD69oBowU=
25,0,7o8Qz4FNq+rPETmGi3AfUjLMoog=,BGxbosQCvlPcWA/P46JD69oBowU=
26,0,7o8Qz4FNq+rPETmGi3AfUjLMoog=,iGNqgLlddNbZ2FLENV0/7KnTFmk=
19,0,7o8Qz4FNq+rPETmGi3AfUjLMoog=,ymMjLLU+3o1akoDDvRfz2dD6PcQ=
16,1,7o8Qz4FNq+rPETmGi3AfUjLMoog=,jir9jOOMfjJOfeuqomNpCTGEzgA=
24,3,7o8Qz4FNq+rPETmGi3AfUjLMoog=,mcmYOm2iYNwZyciPWF/Oc0LO+X4=
24,8,7o8Qz4FNq+rPETmGi3AfUjLMoog=,+MlGxTRlQCSE9iAEvJu+8VhIvOo=
24,5,7o8Qz4FNq+rPETmGi3AfUjLMoog=,SLNJFLulUP9tbzCVRQzXiLEb9cE=
16,4,7o8Qz4FNq+rPETmGi3AfUjLMoog=,JIYA8jwFPrmji2p7asQE3xw/Py0=
16,2,7o8Qz4FNq+rPETmGi3AfUjLMoog=,7cdju6Ve5Yi7KYUv9fWDZR17TCc=
24,4,7o8Qz4FNq+rPETmGi3AfUjLMoog=,SLNJFLulUP9tbzCVRQzXiLEb9cE=
16,7,7o8Qz4FNq+rPETmGi3AfUjLMoog=,8VdJw/ddbIevJzphRYzba0LHUCA=
16,6,7o8Qz4FNq+rPETmGi3AfUjLMoog=,8VdJw/ddbIevJzphRYzba0LHUCA=
16,8,7o8Qz4FNq+rPETmGi3AfUjLMoog=,O/JD1XkRHMNkE4ew9ybOWEsZ+pU=
16,3,7o8Qz4FNq+rPETmGi3AfUjLMoog=,7cdju6Ve5Yi7KYUv9fWDZR17TCc=
23,0,7o8Qz4FNq+rPETmGi3AfUjLMoog=,e7YDrP02bRAcS6mMGo+qoTxA8vg=
16,5,7o8Qz4FNq+rPETmGi3AfUjLMoog=,JIYA8jwFPrmji2p7asQE3xw/Py0=
21,0,7o8Qz4FNq+rPETmGi3AfUjLMoog=,8gHw2Z4WPL5ljF6f/1Z4O6A5S54=
20,0,7o8Qz4FNq+rPETmGi3AfUjLMoog=,8gHw2Z4WPL5ljF6f/1Z4O6A5S54=
22,0,7o8Qz4FNq+rPETmGi3AfUjLMoog=,e7YDrP02bRAcS6mMGo+qoTxA8vg=
12,8,BCzAf/vACexKL8LTxDAy5uF1wBQ=,2ZiMcPiGU3EN08MX8rlVgNq2L+s=
12,7,BCzAf/vACexKL8LTxDAy5uF1wBQ=,60aBjbUUsjc1l7VYlSrBb8MCjQw=
11,7,ii1ZEf0KUgJ9SMIjd2Tj2Yoh2gw=,+bpxb3St0QJppoqB5T55x6GfYwU=
11,8,ii1ZEf0KUgJ9SMIjd2Tj2Yoh2gw=,99gB9V42fMxu3Bls0fw0Fj5USI0=
13,8,ii1ZEf0KUgJ9SMIjd2Tj2Yoh2gw=,2ZiMcPiGU3EN08MX8rlVgNq2L+s=
14,8,ii1ZEf0KUgJ9SMIjd2Tj2Yoh2gw=,/EyaSXa6ZlvsnTVCvjqx3ozfM3U=
14,7,ii1ZEf0KUgJ9SMIjd2Tj2Yoh2gw=,x3QlXA89mNI0Z0ta3zM79eOwnks=
9,7,ii1ZEf0KUgJ9SMIjd2Tj2Yoh2gw=,3GDb9eQrNqSxYRZtsJrAYdR+NPk=
10,8,ii1ZEf0KUgJ9SMIjd2Tj2Yoh2gw=,99gB9V42fMxu3Bls0fw0Fj5USI0=
10,7,ii1ZEf0KUgJ9SMIjd2Tj2Yoh2gw=,+bpxb3St0QJppoqB5T55x6GfYwU=
8,7,ii1ZEf0KUgJ9SMIjd2Tj2Yoh2gw=,3GDb9eQrNqSxYRZtsJrAYdR+NPk=
13,7,ii1ZEf0KUgJ9SMIjd2Tj2Yoh2gw=,60aBjbUUsjc1l7VYlSrBb8MCjQw=
9,8,ii1ZEf0KUgJ9SMIjd2Tj2Yoh2gw=,imPQu7R+eq+1z3jRYTwWnY8+E9w=
7,8,xx0mnSxemcaNnV/LJEqknDU+39w=,HvI9+doS4cHL4Gi4k4IgZ2AZ/LY=
7,7,xx0mnSxemcaNnV/LJEqknDU+39w=,uRUHtcOUSw/YvxiCEVsHLK9hyCc=
6,8,xx0mnSxemcaNnV/LJEqknDU+39w=,HvI9+doS4cHL4Gi4k4IgZ2AZ/LY=
5,7,xx0mnSxemcaNnV/LJEqknDU+39w=,rCS2cXTKB6aDP5ctZ8Gcdg3v16Y=
6,7,xx0mnSxemcaNnV/LJEqknDU+39w=,uRUHtcOUSw/YvxiCEVsHLK9hyCc=
8,8,xx0mnSxemcaNnV/LJEqknDU+39w=,imPQu7R+eq+1z3jRYTwWnY8+E9w=
5,8,xx0mnSxemcaNnV/LJEqknDU+39w=,P6OKVg+9cWjNvgCm29RVT7AZc7s=
6,6,xx0mnSxemcaNnV/LJEqknDU+39w=,uRUHtcOUSw/YvxiCEVsHLK9hyCc=
6,5,xx0mnSxemcaNnV/LJEqknDU+39w=,tX2NxGIPlFEpowBKIKocXMcJ6Mw=
5,5,saE+FmCnY38ldzUaA1Gu3wApBIk=,Qi6+3Wu9ja7GUywPRgcFkQKlR5E=
5,6,saE+FmCnY38ldzUaA1Gu3wApBIk=,rCS2cXTKB6aDP5ctZ8Gcdg3v16Y=
4,6,saE+FmCnY38ldzUaA1Gu3wApBIk=,rCS2cXTKB6aDP5ctZ8Gcdg3v16Y=
3,5,saE+FmCnY38ldzUaA1Gu3wApBIk=,kO9FitO8MSbY6xaRoxnpuOOOx2M=
2,3,QusCev6kcwtBBBKMFjoHxyKXzvY=,4cDGL8M6BFId3t2Z+iiKjj3M3+A=
3,6,QusCev6kcwtBBBKMFjoHxyKXzvY=,l9FIY3UJhHxnDS0fXYsSVdo3gUI=
2,6,QusCev6kcwtBBBKMFjoHxyKXzvY=,l9FIY3UJhHxnDS0fXYsSVdo3gUI=
2,5,QusCev6kcwtBBBKMFjoHxyKXzvY=,kO9FitO8MSbY6xaRoxnpuOOOx2M=
1,6,QusCev6kcwtBBBKMFjoHxyKXzvY=,RBOBuZReMdpcLlGm7cHZPnvAe4U=
4,7,QusCev6kcwtBBBKMFjoHxyKXzvY=,rCS2cXTKB6aDP5ctZ8Gcdg3v16Y=
1,3,QusCev6kcwtBBBKMFjoHxyKXzvY=,QhLsDAVQNjJFOemE0B010yW5718=
1,5,QusCev6kcwtBBBKMFjoHxyKXzvY=,cWOOdBD/loQW+pcZ9PgOZipJpgI=
1,4,QusCev6kcwtBBBKMFjoHxyKXzvY=,cWOOdBD/loQW+pcZ9PgOZipJpgI=
2,4,QusCev6kcwtBBBKMFjoHxyKXzvY=,kO9FitO8MSbY6xaRoxnpuOOOx2M=
4,5,QusCev6kcwtBBBKMFjoHxyKXzvY=,Qi6+3Wu9ja7GUywPRgcFkQKlR5E=
4,8,QusCev6kcwtBBBKMFjoHxyKXzvY=,P6OKVg+9cWjNvgCm29RVT7AZc7s=
3,8,QusCev6kcwtBBBKMFjoHxyKXzvY=,umPTEWSGfs9XVa2yYHxSZdCXsKA=
3,7,hqSmb1okfb5uw8JoLcAIViWZRqs=,l9FIY3UJhHxnDS0fXYsSVdo3gUI=
3,10,hqSmb1okfb5uw8JoLcAIViWZRqs=,jwlsJUwkqhochIFcOXtc6my+Muo=
3,9,hqSmb1okfb5uw8JoLcAIViWZRqs=,umPTEWSGfs9XVa2yYHxSZdCXsKA=
3,11,hqSmb1okfb5uw8JoLcAIViWZRqs=,jwlsJUwkqhochIFcOXtc6my+Muo=
4,11,hqSmb1okfb5uw8JoLcAIViWZRqs=,e3s3TvX7scy+MKoia4WKoDYQAkY=
4,9,hqSmb1okfb5uw8JoLcAIViWZRqs=,P6OKVg+9cWjNvgCm29RVT7AZc7s=
4,12,hqSmb1okfb5uw8JoLcAIViWZRqs=,+hd73l500HgQy3+CmIoLx1lAmU4=
3,14,hqSmb1okfb5uw8JoLcAIViWZRqs=,1q6p/EnNh8FR1t8hcI7h6lLTuvc=
3,12,hqSmb1okfb5uw8JoLcAIViWZRqs=,/YYKZsqp4DElMX2rZJ6TsGJx8CM=
4,10,h+FODVFT5u0/cazUZHq9jxOQc2E=,e3s3TvX7scy+MKoia4WKoDYQAkY=
4,13,h+FODVFT5u0/cazUZHq9jxOQc2E=,+hd73l500HgQy3+CmIoLx1lAmU4=
1,14,h+FODVFT5u0/cazUZHq9jxOQc2E=,Ikln/N4+z/UNclBvd4X9l7o7I8A=
1,13,h+FODVFT5u0/cazUZHq9jxOQc2E=,8pebDYOpqmhE/jyRw2Yff8srhqY=
2,14,h+FODVFT5u0/cazUZHq9jxOQc2E=,1q6p/EnNh8FR1t8hcI7h6lLTuvc=
0,5,h+FODVFT5u0/cazUZHq9jxOQc2E=,cWOOdBD/loQW+pcZ9PgOZipJpgI=
1,12,h+FODVFT5u0/cazUZHq9jxOQc2E=,8pebDYOpqmhE/jyRw2Yff8srhqY=
0,6,h+FODVFT5u0/cazUZHq9jxOQc2E=,RBOBuZReMdpcLlGm7cHZPnvAe4U=
0,12,h+FODVFT5u0/cazUZHq9jxOQc2E=,8pebDYOpqmhE/jyRw2Yff8srhqY=
0,11,h+FODVFT5u0/cazUZHq9jxOQc2E=,pD5BnKBISsxWi9rNzjW59v+dAck=
2,13,h+FODVFT5u0/cazUZHq9jxOQc2E=,/YYKZsqp4DElMX2rZJ6TsGJx8CM=
2,10,h+FODVFT5u0/cazUZHq9jxOQc2E=,jwlsJUwkqhochIFcOXtc6my+Muo=
1,11,h+FODVFT5u0/cazUZHq9jxOQc2E=,pD5BnKBISsxWi9rNzjW59v+dAck=
2,8,h+FODVFT5u0/cazUZHq9jxOQc2E=,umPTEWSGfs9XVa2yYHxSZdCXsKA=
1,7,h+FODVFT5u0/cazUZHq9jxOQc2E=,RBOBuZReMdpcLlGm7cHZPnvAe4U=
2,11,h+FODVFT5u0/cazUZHq9jxOQc2E=,jwlsJUwkqhochIFcOXtc6my+Muo=
0,7,h+FODVFT5u0/cazUZHq9jxOQc2E=,RBOBuZReMdpcLlGm7cHZPnvAe4U=
1,9,h+FODVFT5u0/cazUZHq9jxOQc2E=,1x/LEY61U82YLzV+FDRUdegrIAo=
0,9,h+FODVFT5u0/cazUZHq9jxOQc2E=,1x/LEY61U82YLzV+FDRUdegrIAo=
0,8,h+FODVFT5u0/cazUZHq9jxOQc2E=,1x/LEY61U82YLzV+FDRUdegrIAo=
3,13,h+FODVFT5u0/cazUZHq9jxOQc2E=,/YYKZsqp4DElMX2rZJ6TsGJx8CM=
0,10,h+FODVFT5u0/cazUZHq9jxOQc2E=,pD5BnKBISsxWi9rNzjW59v+dAck=
1,10,h+FODVFT5u0/cazUZHq9jxOQc2E=,pD5BnKBISsxWi9rNzjW59v+dAck=
1,8,h+FODVFT5u0/cazUZHq9jxOQc2E=,1x/LEY61U82YLzV+FDRUdegrIAo=
4,14,h+FODVFT5u0/cazUZHq9jxOQc2E=,B5evWFdWjx9JO+HwXsQzCWgJzXY=
2,9,h+FODVFT5u0/cazUZHq9jxOQc2E=,umPTEWSGfs9XVa2yYHxSZdCXsKA=
2,12,h+FODVFT5u0/cazUZHq9jxOQc2E=,/YYKZsqp4DElMX2rZJ6TsGJx8CM=
2,7,h+FODVFT5u0/cazUZHq9jxOQc2E=,l9FIY3UJhHxnDS0fXYsSVdo3gUI=
14,9,IzjDWWkiSdpQCwGgNF/qFsN8yD8=,/EyaSXa6ZlvsnTVCvjqx3ozfM3U=
12,11,IzjDWWkiSdpQCwGgNF/qFsN8yD8=,TeOQg5ogyOkt+HFQsn3hrL6le9k=
11,12,IzjDWWkiSdpQCwGgNF/qFsN8yD8=,aGvUv6ojl1xy4GejKCZ6YwJxBA0=
12,12,IzjDWWkiSdpQCwGgNF/qFsN8yD8=,73ETNbjc8alJejLUAf788mCzXa4=
13,9,IzjDWWkiSdpQCwGgNF/qFsN8yD8=,2ZiMcPiGU3EN08MX8rlVgNq2L+s=
12,10,IzjDWWkiSdpQCwGgNF/qFsN8yD8=,TeOQg5ogyOkt+HFQsn3hrL6le9k=
11,11,IzjDWWkiSdpQCwGgNF/qFsN8yD8=,2rAvlOajRs/m8/pmE+3VjepdcSU=
13,11,IzjDWWkiSdpQCwGgNF/qFsN8yD8=,TeOQg5ogyOkt+HFQsn3hrL6le9k=
11,10,IzjDWWkiSdpQCwGgNF/qFsN8yD8=,2rAvlOajRs/m8/pmE+3VjepdcSU=
14,10,IzjDWWkiSdpQCwGgNF/qFsN8yD8=,D5hWwebfPkBOq5qwn3PNz6dFehE=
12,9,IzjDWWkiSdpQCwGgNF/qFsN8yD8=,2ZiMcPiGU3EN08MX8rlVgNq2L+s=
13,10,IzjDWWkiSdpQCwGgNF/qFsN8yD8=,TeOQg5ogyOkt+HFQsn3hrL6le9k=
10,12,5dypEQUKggzMP2+ZWWP7r/lDIb8=,aGvUv6ojl1xy4GejKCZ6YwJxBA0=
14,12,5dypEQUKggzMP2+ZWWP7r/lDIb8=,hwe0QYGRVxWiK7HHdkJsc24QHK4=
13,12,5dypEQUKggzMP2+ZWWP7r/lDIb8=,73ETNbjc8alJejLUAf788mCzXa4=
10,10,5dypEQUKggzMP2+ZWWP7r/lDIb8=,2rAvlOajRs/m8/pmE+3VjepdcSU=
14,11,5dypEQUKggzMP2+ZWWP7r/lDIb8=,D5hWwebfPkBOq5qwn3PNz6dFehE=
11,9,5dypEQUKggzMP2+ZWWP7r/lDIb8=,99gB9V42fMxu3Bls0fw0Fj5USI0=
10,11,5dypEQUKggzMP2+ZWWP7r/lDIb8=,2rAvlOajRs/m8/pmE+3VjepdcSU=
9,12,5dypEQUKggzMP2+ZWWP7r/lDIb8=,4x+pEIPOP6uB6G6uTd480jAO8eQ=
10,9,5dypEQUKggzMP2+ZWWP7r/lDIb8=,99gB9V42fMxu3Bls0fw0Fj5USI0=
9,11,5dypEQUKggzMP2+ZWWP7r/lDIb8=,qMM4nRm5o8AXRkQEmI5hT7TjL98=
9,9,5dypEQUKggzMP2+ZWWP7r/lDIb8=,imPQu7R+eq+1z3jRYTwWnY8+E9w=
9,10,lh+aTB+L7SNzWDzD2GtNRXTmvLs=,qMM4nRm5o8AXRkQEmI5hT7TjL98=
0,14,lh+aTB+L7SNzWDzD2GtNRXTmvLs=,Ikln/N4+z/UNclBvd4X9l7o7I8A=
0,13,lh+aTB+L7SNzWDzD2GtNRXTmvLs=,8pebDYOpqmhE/jyRw2Yff8srhqY=
8,13,lh+aTB+L7SNzWDzD2GtNRXTmvLs=,4x+pEIPOP6uB6G6uTd480jAO8eQ=
0,15,lh+aTB+L7SNzWDzD2GtNRXTmvLs=,Ikln/N4+z/UNclBvd4X9l7o7I8A=
1,15,lh+aTB+L7SNzWDzD2GtNRXTmvLs=,Ikln/N4+z/UNclBvd4X9l7o7I8A=
6,15,lh+aTB+L7SNzWDzD2GtNRXTmvLs=,ZqXqXe3J+0AF9T7MIb6mHvfgwRQ=
2,15,lh+aTB+L7SNzWDzD2GtNRXTmvLs=,1q6p/EnNh8FR1t8hcI7h6lLTuvc=
6,14,lh+aTB+L7SNzWDzD2GtNRXTmvLs=,ZqXqXe3J+0AF9T7MIb6mHvfgwRQ=
8,14,lh+aTB+L7SNzWDzD2GtNRXTmvLs=,GeqRUovhYzA+/4GqGrF4A/P32nM=
3,15,lh+aTB+L7SNzWDzD2GtNRXTmvLs=,1q6p/EnNh8FR1t8hcI7h6lLTuvc=
5,13,lh+aTB+L7SNzWDzD2GtNRXTmvLs=,+hd73l500HgQy3+CmIoLx1lAmU4=
6,13,lh+aTB+L7SNzWDzD2GtNRXTmvLs=,rVzVQ/AhUeKL91+Dx8NPse8JobI=
5,14,lh+aTB+L7SNzWDzD2GtNRXTmvLs=,B5evWFdWjx9JO+HwXsQzCWgJzXY=
7,14,lh+aTB+L7SNzWDzD2GtNRXTmvLs=,ZqXqXe3J+0AF9T7MIb6mHvfgwRQ=
4,15,lh+aTB+L7SNzWDzD2GtNRXTmvLs=,B5evWFdWjx9JO+HwXsQzCWgJzXY=
7,13,lh+aTB+L7SNzWDzD2GtNRXTmvLs=,rVzVQ/AhUeKL91+Dx8NPse8JobI=
5,15,lh+aTB+L7SNzWDzD2GtNRXTmvLs=,B5evWFdWjx9JO+HwXsQzCWgJzXY=
8,9,lh+aTB+L7SNzWDzD2GtNRXTmvLs=,imPQu7R+eq+1z3jRYTwWnY8+E9w=
5,9,lh+aTB+L7SNzWDzD2GtNRXTmvLs=,P6OKVg+9cWjNvgCm29RVT7AZc7s=
7,9,R21OWqo4VahDqWmsD1+BOmCQPls=,HvI9+doS4cHL4Gi4k4IgZ2AZ/LY=
6,9,R21OWqo4VahDqWmsD1+BOmCQPls=,HvI9+doS4cHL4Gi4k4IgZ2AZ/LY=
5,10,R21OWqo4VahDqWmsD1+BOmCQPls=,e3s3TvX7scy+MKoia4WKoDYQAkY=
12,2,q7C2uxEW6IxvpzyLVMH1kQ5/OlI=,9VBmWVvxGXNvnkB+jNeDfxfBY/U=
11,1,q7C2uxEW6IxvpzyLVMH1kQ5/OlI=,q//TR6a9npjZMhzUsGKJwB2vshk=
11,2,q7C2uxEW6IxvpzyLVMH1kQ5/OlI=,sFkojLGvhlMFK6QJmmOMzdbtrxQ=
5,11,q7C2uxEW6IxvpzyLVMH1kQ5/OlI=,e3s3TvX7scy+MKoia4WKoDYQAkY=
12,1,q7C2uxEW6IxvpzyLVMH1kQ5/OlI=,o4WOiWdrpr6hiY4zhqc66cndKGM=
6,10,q7C2uxEW6IxvpzyLVMH1kQ5/OlI=,i0Dcv+9fVe8u3D1UI8krkG1huPo=
8,12,q7C2uxEW6IxvpzyLVMH1kQ5/OlI=,4x+pEIPOP6uB6G6uTd480jAO8eQ=
11,6,q7C2uxEW6IxvpzyLVMH1kQ5/OlI=,+bpxb3St0QJppoqB5T55x6GfYwU=
12,6,q7C2uxEW6IxvpzyLVMH1kQ5/OlI=,60aBjbUUsjc1l7VYlSrBb8MCjQw=
5,12,q7C2uxEW6IxvpzyLVMH1kQ5/OlI=,+hd73l500HgQy3+CmIoLx1lAmU4=
6,12,q7C2uxEW6IxvpzyLVMH1kQ5/OlI=,rVzVQ/AhUeKL91+Dx8NPse8JobI=
11,4,q7C2uxEW6IxvpzyLVMH1kQ5/OlI=,TJVYhw+eTfmr+xNsFHZh77yw5vU=
7,6,q7C2uxEW6IxvpzyLVMH1kQ5/OlI=,uRUHtcOUSw/YvxiCEVsHLK9hyCc=
7,5,q7C2uxEW6IxvpzyLVMH1kQ5/OlI=,tX2NxGIPlFEpowBKIKocXMcJ6Mw=
12,5,q7C2uxEW6IxvpzyLVMH1kQ5/OlI=,HEOJ32BjmBOM8mzqW5D2f8G2hOA=
7,12,q7C2uxEW6IxvpzyLVMH1kQ5/OlI=,rVzVQ/AhUeKL91+Dx8NPse8JobI=
7,10,q7C2uxEW6IxvpzyLVMH1kQ5/OlI=,i0Dcv+9fVe8u3D1UI8krkG1huPo=
12,3,q7C2uxEW6IxvpzyLVMH1kQ5/OlI=,9VBmWVvxGXNvnkB+jNeDfxfBY/U=
8,10,q7C2uxEW6IxvpzyLVMH1kQ5/OlI=,qMM4nRm5o8AXRkQEmI5hT7TjL98=
8,11,oA1Ipqj8Hdgzk2XgVIRCih8QwQE=,qMM4nRm5o8AXRkQEmI5hT7TjL98=
7,11,oA1Ipqj8Hdgzk2XgVIRCih8QwQE=,i0Dcv+9fVe8u3D1UI8krkG1huPo=
12,4,oA1Ipqj8Hdgzk2XgVIRCih8QwQE=,HEOJ32BjmBOM8mzqW5D2f8G2hOA=
14,3,oA1Ipqj8Hdgzk2XgVIRCih8QwQE=,kua2po9LRLZZh2ZcSQS8reiKVr8=
11,3,oA1Ipqj8Hdgzk2XgVIRCih8QwQE=,sFkojLGvhlMFK6QJmmOMzdbtrxQ=
9,6,oA1Ipqj8Hdgzk2XgVIRCih8QwQE=,3GDb9eQrNqSxYRZtsJrAYdR+NPk=
8,6,oA1Ipqj8Hdgzk2XgVIRCih8QwQE=,3GDb9eQrNqSxYRZtsJrAYdR+NPk=
7,3,oA1Ipqj8Hdgzk2XgVIRCih8QwQE=,WOe6gMHuVTEU19j8TqNNNL7Crb0=
9,4,oA1Ipqj8Hdgzk2XgVIRCih8QwQE=,V+v9pKuVAdv0xt91aFih8D27kHw=
8,4,oA1Ipqj8Hdgzk2XgVIRCih8QwQE=,V+v9pKuVAdv0xt91aFih8D27kHw=
9,3,oA1Ipqj8Hdgzk2XgVIRCih8QwQE=,fI8uW0meBr4m3zOMqXUyq+DKd/Q=
7,4,oA1Ipqj8Hdgzk2XgVIRCih8QwQE=,tX2NxGIPlFEpowBKIKocXMcJ6Mw=
8,3,oA1Ipqj8Hdgzk2XgVIRCih8QwQE=,fI8uW0meBr4m3zOMqXUyq+DKd/Q=
6,11,oA1Ipqj8Hdgzk2XgVIRCih8QwQE=,i0Dcv+9fVe8u3D1UI8krkG1huPo=
11,5,oA1Ipqj8Hdgzk2XgVIRCih8QwQE=,TJVYhw+eTfmr+xNsFHZh77yw5vU=
9,5,oA1Ipqj8Hdgzk2XgVIRCih8QwQE=,V+v9pKuVAdv0xt91aFih8D27kHw=
8,5,oA1Ipqj8Hdgzk2XgVIRCih8QwQE=,V+v9pKuVAdv0xt91aFih8D27kHw=
14,6,oA1Ipqj8Hdgzk2XgVIRCih8QwQE=,x3QlXA89mNI0Z0ta3zM79eOwnks=
14,4,oA1Ipqj8Hdgzk2XgVIRCih8QwQE=,iPaf9geZltiz1VEDmk1d+tvcd7o=
13,4,oA1Ipqj8Hdgzk2XgVIRCih8QwQE=,HEOJ32BjmBOM8mzqW5D2f8G2hOA=
13,3,oA1Ipqj8Hdgzk2XgVIRCih8QwQE=,9VBmWVvxGXNvnkB+jNeDfxfBY/U=
13,6,oA1Ipqj8Hdgzk2XgVIRCih8QwQE=,60aBjbUUsjc1l7VYlSrBb8MCjQw=
10,6,oA1Ipqj8Hdgzk2XgVIRCih8QwQE=,+bpxb3St0QJppoqB5T55x6GfYwU=
10,4,oA1Ipqj8Hdgzk2XgVIRCih8QwQE=,TJVYhw+eTfmr+xNsFHZh77yw5vU=
14,5,oA1Ipqj8Hdgzk2XgVIRCih8QwQE=,iPaf9geZltiz1VEDmk1d+tvcd7o=
10,3,oA1Ipqj8Hdgzk2XgVIRCih8QwQE=,sFkojLGvhlMFK6QJmmOMzdbtrxQ=
13,5,oA1Ipqj8Hdgzk2XgVIRCih8QwQE=,HEOJ32BjmBOM8mzqW5D2f8G2hOA=
10,5,3Ug5wDb8VkacRSX0M1P41ZvOOQI=,TJVYhw+eTfmr+xNsFHZh77yw5vU=
6,4,3Ug5wDb8VkacRSX0M1P41ZvOOQI=,tX2NxGIPlFEpowBKIKocXMcJ6Mw=
6,2,3Ug5wDb8VkacRSX0M1P41ZvOOQI=,WOe6gMHuVTEU19j8TqNNNL7Crb0=
6,1,3Ug5wDb8VkacRSX0M1P41ZvOOQI=,Rk1NgYfu5sqVegEx82+n2r5aWjQ=
5,2,3Ug5wDb8VkacRSX0M1P41ZvOOQI=,kkBwibvBO8d+bcqLQybPkyYn6JI=
5,1,3Ug5wDb8VkacRSX0M1P41ZvOOQI=,tXbsyAucELxKGa9nHI1ar1+l+Qo=
3,4,3Ug5wDb8VkacRSX0M1P41ZvOOQI=,kO9FitO8MSbY6xaRoxnpuOOOx2M=
4,2,3Ug5wDb8VkacRSX0M1P41ZvOOQI=,kkBwibvBO8d+bcqLQybPkyYn6JI=
6,3,3Ug5wDb8VkacRSX0M1P41ZvOOQI=,WOe6gMHuVTEU19j8TqNNNL7Crb0=
4,1,3Ug5wDb8VkacRSX0M1P41ZvOOQI=,tXbsyAucELxKGa9nHI1ar1+l+Qo=
3,2,3Ug5wDb8VkacRSX0M1P41ZvOOQI=,4cDGL8M6BFId3t2Z+iiKjj3M3+A=
5,3,3Ug5wDb8VkacRSX0M1P41ZvOOQI=,kkBwibvBO8d+bcqLQybPkyYn6JI=
3,1,3Ug5wDb8VkacRSX0M1P41ZvOOQI=,qrM5Vh6UPrkBl09tuNB5zHXmNIU=
0,4,3Ug5wDb8VkacRSX0M1P41ZvOOQI=,cWOOdBD/loQW+pcZ9PgOZipJpgI=
0,3,3Ug5wDb8VkacRSX0M1P41ZvOOQI=,QhLsDAVQNjJFOemE0B010yW5718=
11,0,3Ug5wDb8VkacRSX0M1P41ZvOOQI=,q//TR6a9npjZMhzUsGKJwB2vshk=
12,0,3Ug5wDb8VkacRSX0M1P41ZvOOQI=,o4WOiWdrpr6hiY4zhqc66cndKGM=
4,0,3Ug5wDb8VkacRSX0M1P41ZvOOQI=,tXbsyAucELxKGa9nHI1ar1+l+Qo=
3,0,3Ug5wDb8VkacRSX0M1P41ZvOOQI=,qrM5Vh6UPrkBl09tuNB5zHXmNIU=
5,0,3Ug5wDb8VkacRSX0M1P41ZvOOQI=,tXbsyAucELxKGa9nHI1ar1+l+Qo=
6,0,3Ug5wDb8VkacRSX0M1P41ZvOOQI=,Rk1NgYfu5sqVegEx82+n2r5aWjQ=
3,3,3Ug5wDb8VkacRSX0M1P41ZvOOQI=,4cDGL8M6BFId3t2Z+iiKjj3M3+A=
4,3,3Ug5wDb8VkacRSX0M1P41ZvOOQI=,kkBwibvBO8d+bcqLQybPkyYn6JI=
2,1,3Ug5wDb8VkacRSX0M1P41ZvOOQI=,qrM5Vh6UPrkBl09tuNB5zHXmNIU=
2,2,3Ug5wDb8VkacRSX0M1P41ZvOOQI=,4cDGL8M6BFId3t2Z+iiKjj3M3+A=
2,0,3Ug5wDb8VkacRSX0M1P41ZvOOQI=,qrM5Vh6UPrkBl09tuNB5zHXmNIU=
1,2,3Ug5wDb8VkacRSX0M1P41ZvOOQI=,QhLsDAVQNjJFOemE0B010yW5718=
0,2,3Ug5wDb8VkacRSX0M1P41ZvOOQI=,QhLsDAVQNjJFOemE0B010yW5718=
1,1,3Ug5wDb8VkacRSX0M1P41ZvOOQI=,YMZGEzY4mGaYHMRBPDVbMZPTgLY=
4,4,3Ug5wDb8VkacRSX0M1P41ZvOOQI=,Qi6+3Wu9ja7GUywPRgcFkQKlR5E=
0,1,3Ug5wDb8VkacRSX0M1P41ZvOOQI=,YMZGEzY4mGaYHMRBPDVbMZPTgLY=
1,0,3Ug5wDb8VkacRSX0M1P41ZvOOQI=,YMZGEzY4mGaYHMRBPDVbMZPTgLY=
0,0,3Ug5wDb8VkacRSX0M1P41ZvOOQI=,YMZGEzY4mGaYHMRBPDVbMZPTgLY=
10,0,3Ug5wDb8VkacRSX0M1P41ZvOOQI=,q//TR6a9npjZMhzUsGKJwB2vshk=
10,1,3Ug5wDb8VkacRSX0M1P41ZvOOQI=,q//TR6a9npjZMhzUsGKJwB2vshk=
7,2,3Ug5wDb8VkacRSX0M1P41ZvOOQI=,WOe6gMHuVTEU19j8TqNNNL7Crb0=
9,1,3Ug5wDb8VkacRSX0M1P41ZvOOQI=,9uSrKg5jfQ9cvl8jGMyADFtzfww=
10,2,3Ug5wDb8VkacRSX0M1P41ZvOOQI=,sFkojLGvhlMFK6QJmmOMzdbtrxQ=
8,1,3Ug5wDb8VkacRSX0M1P41ZvOOQI=,9uSrKg5jfQ9cvl8jGMyADFtzfww=
7,1,YKOPoQ1D/E/F2IfC9iSpvFTMf54=,Rk1NgYfu5sqVegEx82+n2r5aWjQ=
9,0,YKOPoQ1D/E/F2IfC9iSpvFTMf54=,9uSrKg5jfQ9cvl8jGMyADFtzfww=
5,4,YKOPoQ1D/E/F2IfC9iSpvFTMf54=,Qi6+3Wu9ja7GUywPRgcFkQKlR5E=
8,0,YKOPoQ1D/E/F2IfC9iSpvFTMf54=,9uSrKg5jfQ9cvl8jGMyADFtzfww=
7,0,YKOPoQ1D/E/F2IfC9iSpvFTMf54=,Rk1NgYfu5sqVegEx82+n2r5aWjQ=
8,2,YKOPoQ1D/E/F2IfC9iSpvFTMf54=,fI8uW0meBr4m3zOMqXUyq+DKd/Q=
9,2,YKOPoQ1D/E/F2IfC9iSpvFTMf54=,fI8uW0meBr4m3zOMqXUyq+DKd/Q=
15,3,YKOPoQ1D/E/F2IfC9iSpvFTMf54=,kua2po9LRLZZh2ZcSQS8reiKVr8=
15,5,YKOPoQ1D/E/F2IfC9iSpvFTMf54=,iPaf9geZltiz1VEDmk1d+tvcd7o=
13,0,YKOPoQ1D/E/F2IfC9iSpvFTMf54=,o4WOiWdrpr6hiY4zhqc66cndKGM=
15,6,YKOPoQ1D/E/F2IfC9iSpvFTMf54=,x3QlXA89mNI0Z0ta3zM79eOwnks=
15,1,YKOPoQ1D/E/F2IfC9iSpvFTMf54=,j8OKMQ6h3lXMrgqkIC6vhKKPPzo=
15,12,YKOPoQ1D/E/F2IfC9iSpvFTMf54=,hwe0QYGRVxWiK7HHdkJsc24QHK4=
15,4,YKOPoQ1D/E/F2IfC9iSpvFTMf54=,iPaf9geZltiz1VEDmk1d+tvcd7o=
15,11,YKOPoQ1D/E/F2IfC9iSpvFTMf54=,D5hWwebfPkBOq5qwn3PNz6dFehE=
14,1,YKOPoQ1D/E/F2IfC9iSpvFTMf54=,j8OKMQ6h3lXMrgqkIC6vhKKPPzo=
15,0,YKOPoQ1D/E/F2IfC9iSpvFTMf54=,j8OKMQ6h3lXMrgqkIC6vhKKPPzo=
14,0,YKOPoQ1D/E/F2IfC9iSpvFTMf54=,j8OKMQ6h3lXMrgqkIC6vhKKPPzo=
15,10,YKOPoQ1D/E/F2IfC9iSpvFTMf54=,D5hWwebfPkBOq5qwn3PNz6dFehE=
15,2,XK3Su3GFcfimrVNaEhT/1+ai56Y=,kua2po9LRLZZh2ZcSQS8reiKVr8=
15,9,XK3Su3GFcfimrVNaEhT/1+ai56Y=,/EyaSXa6ZlvsnTVCvjqx3ozfM3U=
15,7,XK3Su3GFcfimrVNaEhT/1+ai56Y=,x3QlXA89mNI0Z0ta3zM79eOwnks=
15,8,XK3Su3GFcfimrVNaEhT/1+ai56Y=,/EyaSXa6ZlvsnTVCvjqx3ozfM3U=
14,14,XK3Su3GFcfimrVNaEhT/1+ai56Y=,Tms502tgUYKg5iQOg/S3+M59Uw8=
14,2,XK3Su3GFcfimrVNaEhT/1+ai56Y=,kua2po9LRLZZh2ZcSQS8reiKVr8=
14,13,XK3Su3GFcfimrVNaEhT/1+ai56Y=,hwe0QYGRVxWiK7HHdkJsc24QHK4=
13,15,XK3Su3GFcfimrVNaEhT/1+ai56Y=,rE7idsb3Z9zZ+BBtC5vg61Mny0w=
12,13,XK3Su3GFcfimrVNaEhT/1+ai56Y=,73ETNbjc8alJejLUAf788mCzXa4=
13,14,aMy5+pgiMz3X5S9BliE42Y/h1Aw=,rE7idsb3Z9zZ+BBtC5vg61Mny0w=
8,15,aMy5+pgiMz3X5S9BliE42Y/h1Aw=,GeqRUovhYzA+/4GqGrF4A/P32nM=
13,1,aMy5+pgiMz3X5S9BliE42Y/h1Aw=,o4WOiWdrpr6hiY4zhqc66cndKGM=
7,15,aMy5+pgiMz3X5S9BliE42Y/h1Aw=,ZqXqXe3J+0AF9T7MIb6mHvfgwRQ=
13,2,aMy5+pgiMz3X5S9BliE42Y/h1Aw=,9VBmWVvxGXNvnkB+jNeDfxfBY/U=
10,13,aMy5+pgiMz3X5S9BliE42Y/h1Aw=,aGvUv6ojl1xy4GejKCZ6YwJxBA0=
14,15,aMy5+pgiMz3X5S9BliE42Y/h1Aw=,Tms502tgUYKg5iQOg/S3+M59Uw8=
9,13,aMy5+pgiMz3X5S9BliE42Y/h1Aw=,4x+pEIPOP6uB6G6uTd480jAO8eQ=
9,14,aMy5+pgiMz3X5S9BliE42Y/h1Aw=,GeqRUovhYzA+/4GqGrF4A/P32nM=
10,14,aMy5+pgiMz3X5S9BliE42Y/h1Aw=,iXnw9rAsJW3yFWgxMJ7nB2XFPy8=
11,13,aMy5+pgiMz3X5S9BliE42Y/h1Aw=,aGvUv6ojl1xy4GejKCZ6YwJxBA0=
11,14,aMy5+pgiMz3X5S9BliE42Y/h1Aw=,iXnw9rAsJW3yFWgxMJ7nB2XFPy8=
13,13,aMy5+pgiMz3X5S9BliE42Y/h1Aw=,73ETNbjc8alJejLUAf788mCzXa4=
11,15,aMy5+pgiMz3X5S9BliE42Y/h1Aw=,iXnw9rAsJW3yFWgxMJ7nB2XFPy8=
15,13,aMy5+pgiMz3X5S9BliE42Y/h1Aw=,hwe0QYGRVxWiK7HHdkJsc24QHK4=
12,15,aMy5+pgiMz3X5S9BliE42Y/h1Aw=,rE7idsb3Z9zZ+BBtC5vg61Mny0w=
10,15,aMy5+pgiMz3X5S9BliE42Y/h1Aw=,iXnw9rAsJW3yFWgxMJ7nB2XFPy8=
15,14,aMy5+pgiMz3X5S9BliE42Y/h1Aw=,Tms502tgUYKg5iQOg/S3+M59Uw8=
12,14,aMy5+pgiMz3X5S9BliE42Y/h1Aw=,rE7idsb3Z9zZ+BBtC5vg61Mny0w=
9,15,aMy5+pgiMz3X5S9BliE42Y/h1Aw=,GeqRUovhYzA+/4GqGrF4A/P32nM=
15,15,aMy5+pgiMz3X5S9BliE42Y/h1Aw=,Tms502tgUYKg5iQOg/S3+M59Uw8=
7,20,a2f5Yt12T3iVRXa8Uc2S0CgJ3tI=,tMthmTcBA3xg4WCsK7w6R7ejcQs=
7,19,a2f5Yt12T3iVRXa8Uc2S0CgJ3tI=,5y7jdb3+v93QX3ZFE2Ez1aqnfro=
8,19,a2f5Yt12T3iVRXa8Uc2S0CgJ3tI=,jiUgsMLSME51LC8y+whjaJ14S5A=
8,20,IcUU34+iaeltfjSWROIcVRWDi0M=,XhqkIIyZbt/Re3m+K1gu44RmxMQ=
7,21,IcUU34+iaeltfjSWROIcVRWDi0M=,tMthmTcBA3xg4WCsK7w6R7ejcQs=
8,21,IcUU34+iaeltfjSWROIcVRWDi0M=,XhqkIIyZbt/Re3m+K1gu44RmxMQ=
9,21,IcUU34+iaeltfjSWROIcVRWDi0M=,XhqkIIyZbt/Re3m+K1gu44RmxMQ=
7,22,IcUU34+iaeltfjSWROIcVRWDi0M=,tuMn8PtvWgHOBDEJxWxjUOGHIMs=
8,22,IcUU34+iaeltfjSWROIcVRWDi0M=,tk7gstm/H/Q9C7OBI/OqHUt+oto=
10,21,Pp/8BY/7iL1zpoBfimme4UPJMlw=,6igNFArGBZqqntbQl/AHDVtRqyo=
7,23,Pp/8BY/7iL1zpoBfimme4UPJMlw=,tuMn8PtvWgHOBDEJxWxjUOGHIMs=
10,22,Pp/8BY/7iL1zpoBfimme4UPJMlw=,JRVgpZVHdGrVi8zW7HTOIHI87JU=
9,24,Pp/8BY/7iL1zpoBfimme4UPJMlw=,QMKVxoNkufWb9pae5mDK0LJRLac=
9,22,Pp/8BY/7iL1zpoBfimme4UPJMlw=,tk7gstm/H/Q9C7OBI/OqHUt+oto=
10,23,Pp/8BY/7iL1zpoBfimme4UPJMlw=,JRVgpZVHdGrVi8zW7HTOIHI87JU=
10,24,w8mCiwTzHPtbUjnjLDJN6PKrb9Q=,gvs2V6YKnNng+3Dj1HfM5fKklas=
9,23,w8mCiwTzHPtbUjnjLDJN6PKrb9Q=,tk7gstm/H/Q9C7OBI/OqHUt+oto=
5,26,w8mCiwTzHPtbUjnjLDJN6PKrb9Q=,x3fpVLJWntsSY9t2pSG2k8olx6k=
7,24,w8mCiwTzHPtbUjnjLDJN6PKrb9Q=,kztqzeH2+TOJP3YLDo/3N9G6rek=
8,24,hmdAIMpEnCzGr+Wov1HmubF5kyA=,QMKVxoNkufWb9pae5mDK0LJRLac=
6,23,hmdAIMpEnCzGr+Wov1HmubF5kyA=,tuMn8PtvWgHOBDEJxWxjUOGHIMs=
6,26,hmdAIMpEnCzGr+Wov1HmubF5kyA=,5Ih0QAcgDSALfbzPXyiHBS+/AzU=
5,25,hmdAIMpEnCzGr+Wov1HmubF5kyA=,Lt6xFnApJwHhJdE/U5Q5/CO/bkw=
8,23,hmdAIMpEnCzGr+Wov1HmubF5kyA=,tk7gstm/H/Q9C7OBI/OqHUt+oto=
8,26,hmdAIMpEnCzGr+Wov1HmubF5kyA=,HybHhlLAjNkrljelZOF12L3EsCo=
7,25,hmdAIMpEnCzGr+Wov1HmubF5kyA=,kztqzeH2+TOJP3YLDo/3N9G6rek=
5,24,hmdAIMpEnCzGr+Wov1HmubF5kyA=,Lt6xFnApJwHhJdE/U5Q5/CO/bkw=
6,24,hmdAIMpEnCzGr+Wov1HmubF5kyA=,kztqzeH2+TOJP3YLDo/3N9G6rek=
7,26,hmdAIMpEnCzGr+Wov1HmubF5kyA=,5Ih0QAcgDSALfbzPXyiHBS+/AzU=
7,28,hmdAIMpEnCzGr+Wov1HmubF5kyA=,8zkq2TO070vuQo95WnHOgRrmatc=
6,25,hmdAIMpEnCzGr+Wov1HmubF5kyA=,kztqzeH2+TOJP3YLDo/3N9G6rek=
8,25,hmdAIMpEnCzGr+Wov1HmubF5kyA=,QMKVxoNkufWb9pae5mDK0LJRLac=
8,27,hmdAIMpEnCzGr+Wov1HmubF5kyA=,HybHhlLAjNkrljelZOF12L3EsCo=
5,23,hmdAIMpEnCzGr+Wov1HmubF5kyA=,qKyfDcNPxKeJDfhQubHnNi4h5lU=
8,28,55LuM/ETbuJv88r5XpuXtCgx/Nw=,dq/iTKFDOgSYJqLBJGNG3SknuIg=
12,28,55LuM/ETbuJv88r5XpuXtCgx/Nw=,wY3v2gir1h6wZgWtkComf+T+4ek=
7,27,55LuM/ETbuJv88r5XpuXtCgx/Nw=,5Ih0QAcgDSALfbzPXyiHBS+/AzU=
9,25,55LuM/ETbuJv88r5XpuXtCgx/Nw=,QMKVxoNkufWb9pae5mDK0LJRLac=
9,28,55LuM/ETbuJv88r5XpuXtCgx/Nw=,dq/iTKFDOgSYJqLBJGNG3SknuIg=
13,27,CN6mvmY3B0SN/UQaN1R5B/M8xz0=,YFQnTNrp/UGwYLnx6PkeSHV/AiM=
11,28,CN6mvmY3B0SN/UQaN1R5B/M8xz0=,lHAiUoiss0q0ZH387PigcklplZw=
13,28,CN6mvmY3B0SN/UQaN1R5B/M8xz0=,wY3v2gir1h6wZgWtkComf+T+4ek=
14,28,CN6mvmY3B0SN/UQaN1R5B/M8xz0=,MhxYOYm06jkCuRtM4y4YxdDxUiY=
14,27,CN6mvmY3B0SN/UQaN1R5B/M8xz0=,Mfc5XqmAk0OD8I0/JHNGws861W4=
9,27,CN6mvmY3B0SN/UQaN1R5B/M8xz0=,HybHhlLAjNkrljelZOF12L3EsCo=
13,26,CN6mvmY3B0SN/UQaN1R5B/M8xz0=,YFQnTNrp/UGwYLnx6PkeSHV/AiM=
10,28,CN6mvmY3B0SN/UQaN1R5B/M8xz0=,lHAiUoiss0q0ZH387PigcklplZw=
13,25,CN6mvmY3B0SN/UQaN1R5B/M8xz0=,aHfPzudjX/LEs6bpDYYwnWXR2qU=
14,26,CN6mvmY3B0SN/UQaN1R5B/M8xz0=,Mfc5XqmAk0OD8I0/JHNGws861W4=
14,25,CN6mvmY3B0SN/UQaN1R5B/M8xz0=,MlJrR6WflEQ2ncMuoXpYmgWJ1cQ=
9,26,CN6mvmY3B0SN/UQaN1R5B/M8xz0=,HybHhlLAjNkrljelZOF12L3EsCo=
12,26,CN6mvmY3B0SN/UQaN1R5B/M8xz0=,YFQnTNrp/UGwYLnx6PkeSHV/AiM=
11,26,CN6mvmY3B0SN/UQaN1R5B/M8xz0=,pk3CQkaflQLmOkKf28Y85ZbG6P0=
12,25,m70xRp6NfQhdyQ4Gb9VLGlyI/1s=,aHfPzudjX/LEs6bpDYYwnWXR2qU=
11,25,m70xRp6NfQhdyQ4Gb9VLGlyI/1s=,gvs2V6YKnNng+3Dj1HfM5fKklas=
11,27,m70xRp6NfQhdyQ4Gb9VLGlyI/1s=,pk3CQkaflQLmOkKf28Y85ZbG6P0=
12,27,m70xRp6NfQhdyQ4Gb9VLGlyI/1s=,YFQnTNrp/UGwYLnx6PkeSHV/AiM=
10,26,m70xRp6NfQhdyQ4Gb9VLGlyI/1s=,pk3CQkaflQLmOkKf28Y85ZbG6P0=
10,27,m70xRp6NfQhdyQ4Gb9VLGlyI/1s=,pk3CQkaflQLmOkKf28Y85ZbG6P0=
10,25,m70xRp6NfQhdyQ4Gb9VLGlyI/1s=,gvs2V6YKnNng+3Dj1HfM5fKklas=
13,24,m70xRp6NfQhdyQ4Gb9VLGlyI/1s=,aHfPzudjX/LEs6bpDYYwnWXR2qU=
11,22,m70xRp6NfQhdyQ4Gb9VLGlyI/1s=,JRVgpZVHdGrVi8zW7HTOIHI87JU=
12,24,zms+kTteYIsTTcWJL1uRZwTv0iw=,aHfPzudjX/LEs6bpDYYwnWXR2qU=
11,21,zms+kTteYIsTTcWJL1uRZwTv0iw=,6igNFArGBZqqntbQl/AHDVtRqyo=
14,22,zms+kTteYIsTTcWJL1uRZwTv0iw=,fFmsEZPJ/msJu20TVdd5MhVgs3Y=
12,22,zms+kTteYIsTTcWJL1uRZwTv0iw=,L8f540jGfSzpNe7OXC+NzvsHGv0=
13,21,zms+kTteYIsTTcWJL1uRZwTv0iw=,6igNFArGBZqqntbQl/AHDVtRqyo=
11,24,zms+kTteYIsTTcWJL1uRZwTv0iw=,gvs2V6YKnNng+3Dj1HfM5fKklas=
14,24,zms+kTteYIsTTcWJL1uRZwTv0iw=,MlJrR6WflEQ2ncMuoXpYmgWJ1cQ=
14,21,zms+kTteYIsTTcWJL1uRZwTv0iw=,pT2/9X3anhjK9yDG65Fctpk51ts=
13,22,zms+kTteYIsTTcWJL1uRZwTv0iw=,L8f540jGfSzpNe7OXC+NzvsHGv0=
13,23,zms+kTteYIsTTcWJL1uRZwTv0iw=,L8f540jGfSzpNe7OXC+NzvsHGv0=
14,23,iuuNlTs5oPZlzPYi+FH36P6f/DA=,fFmsEZPJ/msJu20TVdd5MhVgs3Y=
12,23,iuuNlTs5oPZlzPYi+FH36P6f/DA=,L8f540jGfSzpNe7OXC+NzvsHGv0=
11,23,iuuNlTs5oPZlzPYi+FH36P6f/DA=,JRVgpZVHdGrVi8zW7HTOIHI87JU=
12,21,iuuNlTs5oPZlzPYi+FH36P6f/DA=,6igNFArGBZqqntbQl/AHDVtRqyo=
13,17,iuuNlTs5oPZlzPYi+FH36P6f/DA=,4usnE7kJn5CNaETQI3PWphuQjmk=
13,19,XR7/CY4SRaB6g8WLbKVbicO5Hr0=,7bRU+l6KyL1vrQPbYtQpYiUAd5g=
13,18,XR7/CY4SRaB6g8WLbKVbicO5Hr0=,7bRU+l6KyL1vrQPbYtQpYiUAd5g=
12,17,XR7/CY4SRaB6g8WLbKVbicO5Hr0=,4usnE7kJn5CNaETQI3PWphuQjmk=
9,17,XR7/CY4SRaB6g8WLbKVbicO5Hr0=,XhFoj5ghUOIbemVhPD5Bu0rnhn8=
14,19,XR7/CY4SRaB6g8WLbKVbicO5Hr0=,J1Tkg91YzU3LZHpr2vPLaLQu6Bo=
10,17,XR7/CY4SRaB6g8WLbKVbicO5Hr0=,FI0gCIqCxIZkPxT/p7TSiyACyGg=
13,20,XR7/CY4SRaB6g8WLbKVbicO5Hr0=,6igNFArGBZqqntbQl/AHDVtRqyo=
12,20,XR7/CY4SRaB6g8WLbKVbicO5Hr0=,6igNFArGBZqqntbQl/AHDVtRqyo=
14,18,SXydeUWflf6Zu16vvVOsZLSlrls=,J1Tkg91YzU3LZHpr2vPLaLQu6Bo=
8,17,SXydeUWflf6Zu16vvVOsZLSlrls=,XhFoj5ghUOIbemVhPD5Bu0rnhn8=
11,17,SXydeUWflf6Zu16vvVOsZLSlrls=,FI0gCIqCxIZkPxT/p7TSiyACyGg=
14,20,SXydeUWflf6Zu16vvVOsZLSlrls=,pT2/9X3anhjK9yDG65Fctpk51ts=
8,18,SXydeUWflf6Zu16vvVOsZLSlrls=,jiUgsMLSME51LC8y+whjaJ14S5A=
14,17,SXydeUWflf6Zu16vvVOsZLSlrls=,IksnGuQWW32Nz9t8P7HZfn/iO7k=
7,18,SXydeUWflf6Zu16vvVOsZLSlrls=,5y7jdb3+v93QX3ZFE2Ez1aqnfro=
7,17,SXydeUWflf6Zu16vvVOsZLSlrls=,fuhwjOqRk2NjcPdVmA+g+UYcmCM=
9,19,SXydeUWflf6Zu16vvVOsZLSlrls=,jiUgsMLSME51LC8y+whjaJ14S5A=
6,17,SXydeUWflf6Zu16vvVOsZLSlrls=,fuhwjOqRk2NjcPdVmA+g+UYcmCM=
10,18,yZJLEXS/UvYcIrRENzdT+dv2M2s=,wcjBxkJdsf7oMXIfNohZadLqbz4=
12,18,yZJLEXS/UvYcIrRENzdT+dv2M2s=,7bRU+l6KyL1vrQPbYtQpYiUAd5g=
5,17,yZJLEXS/UvYcIrRENzdT+dv2M2s=,y0NhMeDwdscehLk2KOJKRB/PrJY=
12,19,yZJLEXS/UvYcIrRENzdT+dv2M2s=,7bRU+l6KyL1vrQPbYtQpYiUAd5g=
11,18,yZJLEXS/UvYcIrRENzdT+dv2M2s=,wcjBxkJdsf7oMXIfNohZadLqbz4=
9,18,yZJLEXS/UvYcIrRENzdT+dv2M2s=,jiUgsMLSME51LC8y+whjaJ14S5A=
11,20,yZJLEXS/UvYcIrRENzdT+dv2M2s=,6igNFArGBZqqntbQl/AHDVtRqyo=
6,18,yZJLEXS/UvYcIrRENzdT+dv2M2s=,5y7jdb3+v93QX3ZFE2Ez1aqnfro=
10,20,yZJLEXS/UvYcIrRENzdT+dv2M2s=,6igNFArGBZqqntbQl/AHDVtRqyo=
5,18,yZJLEXS/UvYcIrRENzdT+dv2M2s=,avmPMLSJOBUuyYDVeOgaWyPIkL4=
11,19,yZJLEXS/UvYcIrRENzdT+dv2M2s=,wcjBxkJdsf7oMXIfNohZadLqbz4=
6,22,yZJLEXS/UvYcIrRENzdT+dv2M2s=,tuMn8PtvWgHOBDEJxWxjUOGHIMs=
5,20,hIOUtCaArkZ94jULo5AJuu7D66g=,5m1xEU9mm1btYDHERmfEIjHhmmI=
3,19,hIOUtCaArkZ94jULo5AJuu7D66g=,ooqDv3mPtDjmTMnTloHH5mlvyJQ=
6,19,hIOUtCaArkZ94jULo5AJuu7D66g=,5y7jdb3+v93QX3ZFE2Ez1aqnfro=
5,22,hIOUtCaArkZ94jULo5AJuu7D66g=,qKyfDcNPxKeJDfhQubHnNi4h5lU=
4,20,hIOUtCaArkZ94jULo5AJuu7D66g=,5m1xEU9mm1btYDHERmfEIjHhmmI=
4,19,hIOUtCaArkZ94jULo5AJuu7D66g=,avmPMLSJOBUuyYDVeOgaWyPIkL4=
6,20,hIOUtCaArkZ94jULo5AJuu7D66g=,tMthmTcBA3xg4WCsK7w6R7ejcQs=
10,19,hIOUtCaArkZ94jULo5AJuu7D66g=,wcjBxkJdsf7oMXIfNohZadLqbz4=
5,19,hIOUtCaArkZ94jULo5AJuu7D66g=,avmPMLSJOBUuyYDVeOgaWyPIkL4=
3,20,hIOUtCaArkZ94jULo5AJuu7D66g=,eT8xZ/jq4J54pBpd9gzYYZtd8UE=
6,21,hIOUtCaArkZ94jULo5AJuu7D66g=,tMthmTcBA3xg4WCsK7w6R7ejcQs=
9,20,hIOUtCaArkZ94jULo5AJuu7D66g=,XhqkIIyZbt/Re3m+K1gu44RmxMQ=
5,21,hIOUtCaArkZ94jULo5AJuu7D66g=,5m1xEU9mm1btYDHERmfEIjHhmmI=
0,16,oNVDJoN9hsdPam/6IowfOElB4og=,WcxrhrsZ38afYl50Lz4tt2IEt9E=
2,16,oNVDJoN9hsdPam/6IowfOElB4og=,nKSqvIDhcH5l02oeQd/p/yXMqfo=
1,16,oNVDJoN9hsdPam/6IowfOElB4og=,WcxrhrsZ38afYl50Lz4tt2IEt9E=
2,20,oNVDJoN9hsdPam/6IowfOElB4og=,eT8xZ/jq4J54pBpd9gzYYZtd8UE=
3,18,oNVDJoN9hsdPam/6IowfOElB4og=,ooqDv3mPtDjmTMnTloHH5mlvyJQ=
4,17,oNVDJoN9hsdPam/6IowfOElB4og=,y0NhMeDwdscehLk2KOJKRB/PrJY=
4,18,oNVDJoN9hsdPam/6IowfOElB4og=,avmPMLSJOBUuyYDVeOgaWyPIkL4=
15,27,oNVDJoN9hsdPam/6IowfOElB4og=,Mfc5XqmAk0OD8I0/JHNGws861W4=
2,18,oNVDJoN9hsdPam/6IowfOElB4og=,ooqDv3mPtDjmTMnTloHH5mlvyJQ=
15,28,oNVDJoN9hsdPam/6IowfOElB4og=,MhxYOYm06jkCuRtM4y4YxdDxUiY=
15,25,oNVDJoN9hsdPam/6IowfOElB4og=,MlJrR6WflEQ2ncMuoXpYmgWJ1cQ=
1,18,oNVDJoN9hsdPam/6IowfOElB4og=,1uBbb3K3/azf5H8lWKd6TLY8rL8=
0,18,oNVDJoN9hsdPam/6IowfOElB4og=,1uBbb3K3/azf5H8lWKd6TLY8rL8=
1,20,oNVDJoN9hsdPam/6IowfOElB4og=,ypKJ8nP/tTu824CF9ds9MzHGxRA=
15,26,oNVDJoN9hsdPam/6IowfOElB4og=,Mfc5XqmAk0OD8I0/JHNGws861W4=
0,17,SUXd7K1mdLZcU5bvgnsCReX2hrU=,WcxrhrsZ38afYl50Lz4tt2IEt9E=
3,17,SUXd7K1mdLZcU5bvgnsCReX2hrU=,nKSqvIDhcH5l02oeQd/p/yXMqfo=
1,17,SUXd7K1mdLZcU5bvgnsCReX2hrU=,WcxrhrsZ38afYl50Lz4tt2IEt9E=
2,17,SUXd7K1mdLZcU5bvgnsCReX2hrU=,nKSqvIDhcH5l02oeQd/p/yXMqfo=
1,19,SUXd7K1mdLZcU5bvgnsCReX2hrU=,1uBbb3K3/azf5H8lWKd6TLY8rL8=
15,24,SUXd7K1mdLZcU5bvgnsCReX2hrU=,MlJrR6WflEQ2ncMuoXpYmgWJ1cQ=
15,20,SUXd7K1mdLZcU5bvgnsCReX2hrU=,pT2/9X3anhjK9yDG65Fctpk51ts=
15,23,SUXd7K1mdLZcU5bvgnsCReX2hrU=,fFmsEZPJ/msJu20TVdd5MhVgs3Y=
15,21,SUXd7K1mdLZcU5bvgnsCReX2hrU=,pT2/9X3anhjK9yDG65Fctpk51ts=
15,19,SUXd7K1mdLZcU5bvgnsCReX2hrU=,J1Tkg91YzU3LZHpr2vPLaLQu6Bo=
2,19,SUXd7K1mdLZcU5bvgnsCReX2hrU=,ooqDv3mPtDjmTMnTloHH5mlvyJQ=
15,22,SUXd7K1mdLZcU5bvgnsCReX2hrU=,fFmsEZPJ/msJu20TVdd5MhVgs3Y=
15,17,SUXd7K1mdLZcU5bvgnsCReX2hrU=,IksnGuQWW32Nz9t8P7HZfn/iO7k=
11,16,SUXd7K1mdLZcU5bvgnsCReX2hrU=,FI0gCIqCxIZkPxT/p7TSiyACyGg=
10,16,SUXd7K1mdLZcU5bvgnsCReX2hrU=,FI0gCIqCxIZkPxT/p7TSiyACyGg=
14,16,0Gtz7N+MMArWQ1nDlYYvgurD04w=,IksnGuQWW32Nz9t8P7HZfn/iO7k=
15,18,0Gtz7N+MMArWQ1nDlYYvgurD04w=,J1Tkg91YzU3LZHpr2vPLaLQu6Bo=
13,16,0Gtz7N+MMArWQ1nDlYYvgurD04w=,4usnE7kJn5CNaETQI3PWphuQjmk=
12,16,0Gtz7N+MMArWQ1nDlYYvgurD04w=,4usnE7kJn5CNaETQI3PWphuQjmk=
6,16,0Gtz7N+MMArWQ1nDlYYvgurD04w=,fuhwjOqRk2NjcPdVmA+g+UYcmCM=
7,16,0Gtz7N+MMArWQ1nDlYYvgurD04w=,fuhwjOqRk2NjcPdVmA+g+UYcmCM=
4,16,0Gtz7N+MMArWQ1nDlYYvgurD04w=,y0NhMeDwdscehLk2KOJKRB/PrJY=
3,16,0Gtz7N+MMArWQ1nDlYYvgurD04w=,nKSqvIDhcH5l02oeQd/p/yXMqfo=
8,16,0Gtz7N+MMArWQ1nDlYYvgurD04w=,XhFoj5ghUOIbemVhPD5Bu0rnhn8=
5,16,0Gtz7N+MMArWQ1nDlYYvgurD04w=,y0NhMeDwdscehLk2KOJKRB/PrJY=
9,16,YHDwG4loo4UZ93Cg8xSGEyn0zDg=,XhFoj5ghUOIbemVhPD5Bu0rnhn8=
4,26,YHDwG4loo4UZ93Cg8xSGEyn0zDg=,x3fpVLJWntsSY9t2pSG2k8olx6k=
4,25,YHDwG4loo4UZ93Cg8xSGEyn0zDg=,Lt6xFnApJwHhJdE/U5Q5/CO/bkw=
3,26,YHDwG4loo4UZ93Cg8xSGEyn0zDg=,f/cAI1OoOPuZAK+c+eRnRIeCkbM=
4,24,oAO6LZyQ4cbh7WRg+H+P/b67F2s=,Lt6xFnApJwHhJdE/U5Q5/CO/bkw=
3,25,oAO6LZyQ4cbh7WRg+H+P/b67F2s=,uQohpn7DRuM32zFLqY8sdhjlmmg=
1,26,oAO6LZyQ4cbh7WRg+H+P/b67F2s=,4/UghxwR2S6+Ci/dVcpcWRm9rjE=
1,29,oAO6LZyQ4cbh7WRg+H+P/b67F2s=,FcDXhTG4X0m0zXU8C52BojnxFdU=
7,29,oAO6LZyQ4cbh7WRg+H+P/b67F2s=,8zkq2TO070vuQo95WnHOgRrmatc=
8,29,oAO6LZyQ4cbh7WRg+H+P/b67F2s=,dq/iTKFDOgSYJqLBJGNG3SknuIg=
2,28,oAO6LZyQ4cbh7WRg+H+P/b67F2s=,seMFfEHdUMX6Ic3EIOwQK/MU6zI=
3,24,oAO6LZyQ4cbh7WRg+H+P/b67F2s=,uQohpn7DRuM32zFLqY8sdhjlmmg=
4,22,oAO6LZyQ4cbh7WRg+H+P/b67F2s=,qKyfDcNPxKeJDfhQubHnNi4h5lU=
2,29,oAO6LZyQ4cbh7WRg+H+P/b67F2s=,seMFfEHdUMX6Ic3EIOwQK/MU6zI=
2,26,oAO6LZyQ4cbh7WRg+H+P/b67F2s=,f/cAI1OoOPuZAK+c+eRnRIeCkbM=
3,21,oAO6LZyQ4cbh7WRg+H+P/b67F2s=,eT8xZ/jq4J54pBpd9gzYYZtd8UE=
10,29,oAO6LZyQ4cbh7WRg+H+P/b67F2s=,lHAiUoiss0q0ZH387PigcklplZw=
9,29,oAO6LZyQ4cbh7WRg+H+P/b67F2s=,dq/iTKFDOgSYJqLBJGNG3SknuIg=
12,29,oAO6LZyQ4cbh7WRg+H+P/b67F2s=,wY3v2gir1h6wZgWtkComf+T+4ek=
11,29,oAO6LZyQ4cbh7WRg+H+P/b67F2s=,lHAiUoiss0q0ZH387PigcklplZw=
14,29,oAO6LZyQ4cbh7WRg+H+P/b67F2s=,MhxYOYm06jkCuRtM4y4YxdDxUiY=
13,29,oAO6LZyQ4cbh7WRg+H+P/b67F2s=,wY3v2gir1h6wZgWtkComf+T+4ek=
1,28,oAO6LZyQ4cbh7WRg+H+P/b67F2s=,FcDXhTG4X0m0zXU8C52BojnxFdU=
6,29,oAO6LZyQ4cbh7WRg+H+P/b67F2s=,8zkq2TO070vuQo95WnHOgRrmatc=
3,22,oAO6LZyQ4cbh7WRg+H+P/b67F2s=,/Zqb/M9cwpbgReSdf1OpANyVkc4=
4,27,oAO6LZyQ4cbh7WRg+H+P/b67F2s=,x3fpVLJWntsSY9t2pSG2k8olx6k=
1,23,oAO6LZyQ4cbh7WRg+H+P/b67F2s=,+natMbxhHp/ZWSKwLdFOI6l0ue8=
2,24,oAO6LZyQ4cbh7WRg+H+P/b67F2s=,uQohpn7DRuM32zFLqY8sdhjlmmg=
2,27,oAO6LZyQ4cbh7WRg+H+P/b67F2s=,f/cAI1OoOPuZAK+c+eRnRIeCkbM=
0,19,oAO6LZyQ4cbh7WRg+H+P/b67F2s=,1uBbb3K3/azf5H8lWKd6TLY8rL8=
2,21,oAO6LZyQ4cbh7WRg+H+P/b67F2s=,eT8xZ/jq4J54pBpd9gzYYZtd8UE=
3,23,oAO6LZyQ4cbh7WRg+H+P/b67F2s=,/Zqb/M9cwpbgReSdf1OpANyVkc4=
3,29,oAO6LZyQ4cbh7WRg+H+P/b67F2s=,seMFfEHdUMX6Ic3EIOwQK/MU6zI=
1,25,oAO6LZyQ4cbh7WRg+H+P/b67F2s=,khtr6RIqyfwxAR5Bbliq8kTTMOg=
15,29,oAO6LZyQ4cbh7WRg+H+P/b67F2s=,MhxYOYm06jkCuRtM4y4YxdDxUiY=
0,29,oAO6LZyQ4cbh7WRg+H+P/b67F2s=,FcDXhTG4X0m0zXU8C52BojnxFdU=
1,22,oAO6LZyQ4cbh7WRg+H+P/b67F2s=,+natMbxhHp/ZWSKwLdFOI6l0ue8=
4,21,oAO6LZyQ4cbh7WRg+H+P/b67F2s=,5m1xEU9mm1btYDHERmfEIjHhmmI=
2,23,oAO6LZyQ4cbh7WRg+H+P/b67F2s=,/Zqb/M9cwpbgReSdf1OpANyVkc4=
1,24,oAO6LZyQ4cbh7WRg+H+P/b67F2s=,khtr6RIqyfwxAR5Bbliq8kTTMOg=
3,27,oAO6LZyQ4cbh7WRg+H+P/b67F2s=,f/cAI1OoOPuZAK+c+eRnRIeCkbM=
2,22,oAO6LZyQ4cbh7WRg+H+P/b67F2s=,/Zqb/M9cwpbgReSdf1OpANyVkc4=
5,29,oAO6LZyQ4cbh7WRg+H+P/b67F2s=,a+UpYHsRN1lKS4uz1Gg0ccWR/1Y=
4,29,oAO6LZyQ4cbh7WRg+H+P/b67F2s=,a+UpYHsRN1lKS4uz1Gg0ccWR/1Y=
3,28,oAO6LZyQ4cbh7WRg+H+P/b67F2s=,seMFfEHdUMX6Ic3EIOwQK/MU6zI=
1,21,oAO6LZyQ4cbh7WRg+H+P/b67F2s=,ypKJ8nP/tTu824CF9ds9MzHGxRA=
0,28,oAO6LZyQ4cbh7WRg+H+P/b67F2s=,FcDXhTG4X0m0zXU8C52BojnxFdU=
5,27,oAO6LZyQ4cbh7WRg+H+P/b67F2s=,x3fpVLJWntsSY9t2pSG2k8olx6k=
2,25,oAO6LZyQ4cbh7WRg+H+P/b67F2s=,uQohpn7DRuM32zFLqY8sdhjlmmg=
4,23,oAO6LZyQ4cbh7WRg+H+P/b67F2s=,qKyfDcNPxKeJDfhQubHnNi4h5lU=
4,28,oAO6LZyQ4cbh7WRg+H+P/b67F2s=,a+UpYHsRN1lKS4uz1Gg0ccWR/1Y=
6,27,oAO6LZyQ4cbh7WRg+H+P/b67F2s=,5Ih0QAcgDSALfbzPXyiHBS+/AzU=
0,20,oAO6LZyQ4cbh7WRg+H+P/b67F2s=,ypKJ8nP/tTu824CF9ds9MzHGxRA=
0,23,oAO6LZyQ4cbh7WRg+H+P/b67F2s=,+natMbxhHp/ZWSKwLdFOI6l0ue8=
6,28,oAO6LZyQ4cbh7WRg+H+P/b67F2s=,8zkq2TO070vuQo95WnHOgRrmatc=
5,28,oAO6LZyQ4cbh7WRg+H+P/b67F2s=,a+UpYHsRN1lKS4uz1Gg0ccWR/1Y=
1,27,VLdxgEp4rl+PgLoAzil7dmcv2fY=,4/UghxwR2S6+Ci/dVcpcWRm9rjE=
0,21,VLdxgEp4rl+PgLoAzil7dmcv2fY=,ypKJ8nP/tTu824CF9ds9MzHGxRA=
0,22,VLdxgEp4rl+PgLoAzil7dmcv2fY=,+natMbxhHp/ZWSKwLdFOI6l0ue8=
0,27,VLdxgEp4rl+PgLoAzil7dmcv2fY=,4/UghxwR2S6+Ci/dVcpcWRm9rjE=
15,16,VLdxgEp4rl+PgLoAzil7dmcv2fY=,IksnGuQWW32Nz9t8P7HZfn/iO7k=
0,26,VLdxgEp4rl+PgLoAzil7dmcv2fY=,4/UghxwR2S6+Ci/dVcpcWRm9rjE=
0,25,VLdxgEp4rl+PgLoAzil7dmcv2fY=,khtr6RIqyfwxAR5Bbliq8kTTMOg=
0,24,VLdxgEp4rl+PgLoAzil7dmcv2fY=,khtr6RIqyfwxAR5Bbliq8kTTMOg=
27,24,ziYVqLH74LwflkIa71mpK++t5Po=,rbpwmd3o3qmU4tob3Cl+RIBP4v8=
28,24,BWPZYcOABlscs19kVzyKz5ETZlo=,AymBfUK5xxwz3oGToiluDaRRnXk=
28,23,BWPZYcOABlscs19kVzyKz5ETZlo=,fpqTCyRKsomYphCbSFIAzR1v6fg=
27,23,BWPZYcOABlscs19kVzyKz5ETZlo=,KarEo9DXCbQ/JzoEm+Dr0CO9ckU=
28,26,BWPZYcOABlscs19kVzyKz5ETZlo=,Uq/Ne//3LlIVZdsAKw7JuAsRbR8=
28,25,BWPZYcOABlscs19kVzyKz5ETZlo=,AymBfUK5xxwz3oGToiluDaRRnXk=
27,28,BWPZYcOABlscs19kVzyKz5ETZlo=,xHsOQG6Y294O01aw1faQofJ88Bc=
27,27,BWPZYcOABlscs19kVzyKz5ETZlo=,Px4g5sTlAbAyRkNfmcRMvUH2uZY=
28,27,BWPZYcOABlscs19kVzyKz5ETZlo=,Uq/Ne//3LlIVZdsAKw7JuAsRbR8=
27,26,BWPZYcOABlscs19kVzyKz5ETZlo=,Px4g5sTlAbAyRkNfmcRMvUH2uZY=
28,28,y6PB2XbSkfYCdyd8LgyNHd0Ow6w=,//c6DqxTCzGG+7yZVnDulhYQuWE=
27,25,y6PB2XbSkfYCdyd8LgyNHd0Ow6w=,rbpwmd3o3qmU4tob3Cl+RIBP4v8=
26,28,y6PB2XbSkfYCdyd8LgyNHd0Ow6w=,xHsOQG6Y294O01aw1faQofJ88Bc=
26,27,y6PB2XbSkfYCdyd8LgyNHd0Ow6w=,Px4g5sTlAbAyRkNfmcRMvUH2uZY=
25,27,AmznIn06xWr84wyX5C2B8xLEb9Y=,N3Nu6nUzraQ/IBSJzpmhEtGFDEA=
24,27,AmznIn06xWr84wyX5C2B8xLEb9Y=,N3Nu6nUzraQ/IBSJzpmhEtGFDEA=
26,25,AmznIn06xWr84wyX5C2B8xLEb9Y=,rbpwmd3o3qmU4tob3Cl+RIBP4v8=
26,26,AmznIn06xWr84wyX5C2B8xLEb9Y=,Px4g5sTlAbAyRkNfmcRMvUH2uZY=
23,27,AmznIn06xWr84wyX5C2B8xLEb9Y=,CHOl5UicqmUT1ScUlgeMWqUH3c4=
25,28,AmznIn06xWr84wyX5C2B8xLEb9Y=,YYcU/+kfoJquMWy2j9ziV5tzMHI=
25,26,AmznIn06xWr84wyX5C2B8xLEb9Y=,N3Nu6nUzraQ/IBSJzpmhEtGFDEA=
24,28,AmznIn06xWr84wyX5C2B8xLEb9Y=,YYcU/+kfoJquMWy2j9ziV5tzMHI=
26,24,AmznIn06xWr84wyX5C2B8xLEb9Y=,rbpwmd3o3qmU4tob3Cl+RIBP4v8=
23,28,AmznIn06xWr84wyX5C2B8xLEb9Y=,n0ovQt9IJJ62J6dOFjrbh2P+7DI=
26,23,AmznIn06xWr84wyX5C2B8xLEb9Y=,KarEo9DXCbQ/JzoEm+Dr0CO9ckU=
24,26,AmznIn06xWr84wyX5C2B8xLEb9Y=,N3Nu6nUzraQ/IBSJzpmhEtGFDEA=
23,26,Ej+nc2kpAWYVc+enS8WmSOzek6k=,CHOl5UicqmUT1ScUlgeMWqUH3c4=
24,24,Ej+nc2kpAWYVc+enS8WmSOzek6k=,YSrwX7BB+GGObrp3o7CmmclqqUw=
24,23,Ej+nc2kpAWYVc+enS8WmSOzek6k=,AGpLjZs2jg5EHqXBP6O4S1nQ8jw=
22,23,Ej+nc2kpAWYVc+enS8WmSOzek6k=,rQ4pE3I6gia84FLhfOITDVN6V3g=
22,25,JR6iQ2WAWqdt5z+Iex2oAanmZgo=,qwkxrnEPj5fAKs98jY90bgjBFdY=
23,23,JR6iQ2WAWqdt5z+Iex2oAanmZgo=,rQ4pE3I6gia84FLhfOITDVN6V3g=
22,27,JR6iQ2WAWqdt5z+Iex2oAanmZgo=,CHOl5UicqmUT1ScUlgeMWqUH3c4=
23,24,JR6iQ2WAWqdt5z+Iex2oAanmZgo=,qwkxrnEPj5fAKs98jY90bgjBFdY=
22,24,JR6iQ2WAWqdt5z+Iex2oAanmZgo=,qwkxrnEPj5fAKs98jY90bgjBFdY=
25,24,JR6iQ2WAWqdt5z+Iex2oAanmZgo=,YSrwX7BB+GGObrp3o7CmmclqqUw=
22,26,JR6iQ2WAWqdt5z+Iex2oAanmZgo=,CHOl5UicqmUT1ScUlgeMWqUH3c4=
21,24,JR6iQ2WAWqdt5z+Iex2oAanmZgo=,vCOW1Fg4qZGaqtDDgMGZ4X43ha0=
25,23,JR6iQ2WAWqdt5z+Iex2oAanmZgo=,AGpLjZs2jg5EHqXBP6O4S1nQ8jw=
21,23,JR6iQ2WAWqdt5z+Iex2oAanmZgo=,kOlfw8wxJO7SW+gtK8PONlKZT20=
22,28,nYUKKyoi8he7mGJLArLNnzJEmQM=,n0ovQt9IJJ62J6dOFjrbh2P+7DI=
19,25,nYUKKyoi8he7mGJLArLNnzJEmQM=,8NY89Ry5SMISMRzuQ1uam4jQkYM=
25,25,nYUKKyoi8he7mGJLArLNnzJEmQM=,YSrwX7BB+GGObrp3o7CmmclqqUw=
20,25,nYUKKyoi8he7mGJLArLNnzJEmQM=,vCOW1Fg4qZGaqtDDgMGZ4X43ha0=
20,24,nYUKKyoi8he7mGJLArLNnzJEmQM=,vCOW1Fg4qZGaqtDDgMGZ4X43ha0=
24,25,nYUKKyoi8he7mGJLArLNnzJEmQM=,YSrwX7BB+GGObrp3o7CmmclqqUw=
21,25,nYUKKyoi8he7mGJLArLNnzJEmQM=,vCOW1Fg4qZGaqtDDgMGZ4X43ha0=
20,26,nYUKKyoi8he7mGJLArLNnzJEmQM=,5fb0lswIOjHTmCGxGQ8outfjMDQ=
19,26,nYUKKyoi8he7mGJLArLNnzJEmQM=,bYzXEYFTbgOIVZBRkGnor4pHe1w=
21,28,nYUKKyoi8he7mGJLArLNnzJEmQM=,kou6IZrgtzmi182+MIuaNt+sz38=
19,24,nYUKKyoi8he7mGJLArLNnzJEmQM=,8NY89Ry5SMISMRzuQ1uam4jQkYM=
23,25,nYUKKyoi8he7mGJLArLNnzJEmQM=,qwkxrnEPj5fAKs98jY90bgjBFdY=
19,23,Yxn/pLVWo72V+Vcfw3FB7W1nPkE=,XbvDugbttoM1fWFPBlyxqjEhUTk=
21,27,Yxn/pLVWo72V+Vcfw3FB7W1nPkE=,5fb0lswIOjHTmCGxGQ8outfjMDQ=
20,23,Yxn/pLVWo72V+Vcfw3FB7W1nPkE=,kOlfw8wxJO7SW+gtK8PONlKZT20=
21,26,Yxn/pLVWo72V+Vcfw3FB7W1nPkE=,5fb0lswIOjHTmCGxGQ8outfjMDQ=
17,17,nkkP0q5DKpOHziDkyos9ZLCRLsc=,Eo0tuiJERSESv1Q4y4n2mUyUvE0=
20,18,nkkP0q5DKpOHziDkyos9ZLCRLsc=,wDNQ4DZ7y9/ShyHzGj3DMYzciEg=
17,18,ti6ijbKLA5/1v4gkCIfsQdF8YsQ=,VFznpAlr9l8saZSYM03Ysnb2lmA=
18,17,ti6ijbKLA5/1v4gkCIfsQdF8YsQ=,bllCI4DRUuuxsjcH86C3RPnuo6Y=
19,17,ti6ijbKLA5/1v4gkCIfsQdF8YsQ=,bllCI4DRUuuxsjcH86C3RPnuo6Y=
21,18,ti6ijbKLA5/1v4gkCIfsQdF8YsQ=,wDNQ4DZ7y9/ShyHzGj3DMYzciEg=
20,17,ti6ijbKLA5/1v4gkCIfsQdF8YsQ=,jBQxrRglcGF6PpQ10Yxrejy3sa8=
18,18,ti6ijbKLA5/1v4gkCIfsQdF8YsQ=,eEElb6r5N42RZKjcVYTZIUoSp3Q=
19,18,ti6ijbKLA5/1v4gkCIfsQdF8YsQ=,eEElb6r5N42RZKjcVYTZIUoSp3Q=
22,17,TYXYAWpvT9y+SVFberj/olESIGM=,qSEkBju/Zm5v5LpVQ8gUqCeRt7w=
23,17,TYXYAWpvT9y+SVFberj/olESIGM=,qSEkBju/Zm5v5LpVQ8gUqCeRt7w=
26,17,TYXYAWpvT9y+SVFberj/olESIGM=,ac6yCOcD5F3tEZpCHxZ5bQOjcqY=
21,17,TYXYAWpvT9y+SVFberj/olESIGM=,jBQxrRglcGF6PpQ10Yxrejy3sa8=
25,17,TYXYAWpvT9y+SVFberj/olESIGM=,BB5e2oENt13zX/JwHhYH0ybfKZw=
25,18,TYXYAWpvT9y+SVFberj/olESIGM=,Uik/mUk+MssMybaBUp5aRcmnUT8=
24,17,TYXYAWpvT9y+SVFberj/olESIGM=,BB5e2oENt13zX/JwHhYH0ybfKZw=
26,18,TYXYAWpvT9y+SVFberj/olESIGM=,w4N37hYM+/H3zEN5jpyYqR5/K2M=
22,18,dmz8AD4DXaakJkypV3utJ88Hgtw=,xGKM917Vk5p9yZipo8RLr39F9Co=
24,18,dmz8AD4DXaakJkypV3utJ88Hgtw=,Uik/mUk+MssMybaBUp5aRcmnUT8=
23,18,dmz8AD4DXaakJkypV3utJ88Hgtw=,xGKM917Vk5p9yZipo8RLr39F9Co=
27,18,dmz8AD4DXaakJkypV3utJ88Hgtw=,w4N37hYM+/H3zEN5jpyYqR5/K2M=
28,17,EXqq+1jiPBoO6SOXa0/eeXKKixU=,5IvwX8gaLbxVoGdoVFZJWFS1PuE=
30,20,EXqq+1jiPBoO6SOXa0/eeXKKixU=,MeTw5kpya6xW6vVP8NwsA7uS+0c=
29,19,EXqq+1jiPBoO6SOXa0/eeXKKixU=,YT4FcfeEYYW+V2vwlE+2E2fG9Mc=
28,18,y9IkaDpnSBndnOwxdRxJ6ecJA0Y=,YT4FcfeEYYW+V2vwlE+2E2fG9Mc=
28,19,y9IkaDpnSBndnOwxdRxJ6ecJA0Y=,YT4FcfeEYYW+V2vwlE+2E2fG9Mc=
28,22,y9IkaDpnSBndnOwxdRxJ6ecJA0Y=,fpqTCyRKsomYphCbSFIAzR1v6fg=
29,20,y9IkaDpnSBndnOwxdRxJ6ecJA0Y=,KdAltSIFZ5yLrtNpMCYLTg8x0J8=
27,17,y9IkaDpnSBndnOwxdRxJ6ecJA0Y=,ac6yCOcD5F3tEZpCHxZ5bQOjcqY=
26,22,y9IkaDpnSBndnOwxdRxJ6ecJA0Y=,KarEo9DXCbQ/JzoEm+Dr0CO9ckU=
25,22,y9IkaDpnSBndnOwxdRxJ6ecJA0Y=,AGpLjZs2jg5EHqXBP6O4S1nQ8jw=
30,19,y9IkaDpnSBndnOwxdRxJ6ecJA0Y=,SicMlghHbb+P/U2pTiQe7yvKjwc=
28,21,y9IkaDpnSBndnOwxdRxJ6ecJA0Y=,KdAltSIFZ5yLrtNpMCYLTg8x0J8=
23,22,y9IkaDpnSBndnOwxdRxJ6ecJA0Y=,rQ4pE3I6gia84FLhfOITDVN6V3g=
27,22,y9IkaDpnSBndnOwxdRxJ6ecJA0Y=,KarEo9DXCbQ/JzoEm+Dr0CO9ckU=
28,20,y9IkaDpnSBndnOwxdRxJ6ecJA0Y=,KdAltSIFZ5yLrtNpMCYLTg8x0J8=
24,22,rXu5GW9O3C5cGIFFriMsNKrO4Ks=,AGpLjZs2jg5EHqXBP6O4S1nQ8jw=
22,19,rXu5GW9O3C5cGIFFriMsNKrO4Ks=,xGKM917Vk5p9yZipo8RLr39F9Co=
27,19,rXu5GW9O3C5cGIFFriMsNKrO4Ks=,w4N37hYM+/H3zEN5jpyYqR5/K2M=
19,21,rXu5GW9O3C5cGIFFriMsNKrO4Ks=,b12a4iv5ns3IVsjYOlhATM9qgEY=
27,21,rXu5GW9O3C5cGIFFriMsNKrO4Ks=,+yeg7cBvzmc2EC2Fm3KbBzIgQhQ=
26,21,rXu5GW9O3C5cGIFFriMsNKrO4Ks=,+yeg7cBvzmc2EC2Fm3KbBzIgQhQ=
20,19,rXu5GW9O3C5cGIFFriMsNKrO4Ks=,wDNQ4DZ7y9/ShyHzGj3DMYzciEg=
21,19,rXu5GW9O3C5cGIFFriMsNKrO4Ks=,wDNQ4DZ7y9/ShyHzGj3DMYzciEg=
19,20,rXu5GW9O3C5cGIFFriMsNKrO4Ks=,b12a4iv5ns3IVsjYOlhATM9qgEY=
19,19,rXu5GW9O3C5cGIFFriMsNKrO4Ks=,eEElb6r5N42RZKjcVYTZIUoSp3Q=
27,20,rXu5GW9O3C5cGIFFriMsNKrO4Ks=,+yeg7cBvzmc2EC2Fm3KbBzIgQhQ=
26,20,rXu5GW9O3C5cGIFFriMsNKrO4Ks=,+yeg7cBvzmc2EC2Fm3KbBzIgQhQ=
25,19,rXu5GW9O3C5cGIFFriMsNKrO4Ks=,Uik/mUk+MssMybaBUp5aRcmnUT8=
19,22,rXu5GW9O3C5cGIFFriMsNKrO4Ks=,XbvDugbttoM1fWFPBlyxqjEhUTk=
19,16,rXu5GW9O3C5cGIFFriMsNKrO4Ks=,bllCI4DRUuuxsjcH86C3RPnuo6Y=
22,22,rXu5GW9O3C5cGIFFriMsNKrO4Ks=,rQ4pE3I6gia84FLhfOITDVN6V3g=
18,16,rXu5GW9O3C5cGIFFriMsNKrO4Ks=,bllCI4DRUuuxsjcH86C3RPnuo6Y=
23,20,rXu5GW9O3C5cGIFFriMsNKrO4Ks=,f/VdTDd4ivpBtp2/BQOXVYB7Rjw=
20,16,rXu5GW9O3C5cGIFFriMsNKrO4Ks=,jBQxrRglcGF6PpQ10Yxrejy3sa8=
20,20,rXu5GW9O3C5cGIFFriMsNKrO4Ks=,eXoknY1Zi19giyRuupCazDGmNvQ=
21,20,rXu5GW9O3C5cGIFFriMsNKrO4Ks=,eXoknY1Zi19giyRuupCazDGmNvQ=
22,16,rXu5GW9O3C5cGIFFriMsNKrO4Ks=,qSEkBju/Zm5v5LpVQ8gUqCeRt7w=
21,16,rXu5GW9O3C5cGIFFriMsNKrO4Ks=,jBQxrRglcGF6PpQ10Yxrejy3sa8=
20,21,rXu5GW9O3C5cGIFFriMsNKrO4Ks=,eXoknY1Zi19giyRuupCazDGmNvQ=
23,16,rXu5GW9O3C5cGIFFriMsNKrO4Ks=,qSEkBju/Zm5v5LpVQ8gUqCeRt7w=
23,19,rXu5GW9O3C5cGIFFriMsNKrO4Ks=,xGKM917Vk5p9yZipo8RLr39F9Co=
26,16,rXu5GW9O3C5cGIFFriMsNKrO4Ks=,ac6yCOcD5F3tEZpCHxZ5bQOjcqY=
17,16,HpXHm/BFRMDrZWDo/oFv8zfQDP0=,Eo0tuiJERSESv1Q4y4n2mUyUvE0=
21,21,HpXHm/BFRMDrZWDo/oFv8zfQDP0=,eXoknY1Zi19giyRuupCazDGmNvQ=
24,16,HpXHm/BFRMDrZWDo/oFv8zfQDP0=,BB5e2oENt13zX/JwHhYH0ybfKZw=
25,16,HpXHm/BFRMDrZWDo/oFv8zfQDP0=,BB5e2oENt13zX/JwHhYH0ybfKZw=
31,19,HpXHm/BFRMDrZWDo/oFv8zfQDP0=,SicMlghHbb+P/U2pTiQe7yvKjwc=
25,21,HpXHm/BFRMDrZWDo/oFv8zfQDP0=,G28hGsjnYfU+vdWeMpzKNgW4ny8=
24,21,HpXHm/BFRMDrZWDo/oFv8zfQDP0=,G28hGsjnYfU+vdWeMpzKNgW4ny8=
22,20,HpXHm/BFRMDrZWDo/oFv8zfQDP0=,f/VdTDd4ivpBtp2/BQOXVYB7Rjw=
25,20,HpXHm/BFRMDrZWDo/oFv8zfQDP0=,G28hGsjnYfU+vdWeMpzKNgW4ny8=
29,17,HpXHm/BFRMDrZWDo/oFv8zfQDP0=,5IvwX8gaLbxVoGdoVFZJWFS1PuE=
28,16,HpXHm/BFRMDrZWDo/oFv8zfQDP0=,5IvwX8gaLbxVoGdoVFZJWFS1PuE=
22,21,HpXHm/BFRMDrZWDo/oFv8zfQDP0=,f/VdTDd4ivpBtp2/BQOXVYB7Rjw=
23,21,HpXHm/BFRMDrZWDo/oFv8zfQDP0=,f/VdTDd4ivpBtp2/BQOXVYB7Rjw=
31,20,HpXHm/BFRMDrZWDo/oFv8zfQDP0=,MeTw5kpya6xW6vVP8NwsA7uS+0c=
26,19,HpXHm/BFRMDrZWDo/oFv8zfQDP0=,w4N37hYM+/H3zEN5jpyYqR5/K2M=
27,16,HpXHm/BFRMDrZWDo/oFv8zfQDP0=,ac6yCOcD5F3tEZpCHxZ5bQOjcqY=
21,22,HpXHm/BFRMDrZWDo/oFv8zfQDP0=,kOlfw8wxJO7SW+gtK8PONlKZT20=
20,22,HpXHm/BFRMDrZWDo/oFv8zfQDP0=,kOlfw8wxJO7SW+gtK8PONlKZT20=
31,18,HpXHm/BFRMDrZWDo/oFv8zfQDP0=,SicMlghHbb+P/U2pTiQe7yvKjwc=
24,20,HpXHm/BFRMDrZWDo/oFv8zfQDP0=,G28hGsjnYfU+vdWeMpzKNgW4ny8=
29,23,TEzjMh36rozPa5uTdVC6DfOSfsw=,fpqTCyRKsomYphCbSFIAzR1v6fg=
30,18,TEzjMh36rozPa5uTdVC6DfOSfsw=,SicMlghHbb+P/U2pTiQe7yvKjwc=
30,23,TEzjMh36rozPa5uTdVC6DfOSfsw=,78FGEk3eMWh4DCis1VqoqhevZGg=
30,24,TEzjMh36rozPa5uTdVC6DfOSfsw=,SGH40Q/HaadqIwGOwgdMu6+Lidg=
24,19,TEzjMh36rozPa5uTdVC6DfOSfsw=,Uik/mUk+MssMybaBUp5aRcmnUT8=
30,22,TEzjMh36rozPa5uTdVC6DfOSfsw=,78FGEk3eMWh4DCis1VqoqhevZGg=
31,26,TEzjMh36rozPa5uTdVC6DfOSfsw=,PQyq1s3g2Qt720nccr3FIlSieDg=
29,24,TEzjMh36rozPa5uTdVC6DfOSfsw=,AymBfUK5xxwz3oGToiluDaRRnXk=
30,25,TEzjMh36rozPa5uTdVC6DfOSfsw=,SGH40Q/HaadqIwGOwgdMu6+Lidg=
29,26,TEzjMh36rozPa5uTdVC6DfOSfsw=,Uq/Ne//3LlIVZdsAKw7JuAsRbR8=
29,28,TEzjMh36rozPa5uTdVC6DfOSfsw=,//c6DqxTCzGG+7yZVnDulhYQuWE=
31,25,TEzjMh36rozPa5uTdVC6DfOSfsw=,SGH40Q/HaadqIwGOwgdMu6+Lidg=
30,26,TEzjMh36rozPa5uTdVC6DfOSfsw=,PQyq1s3g2Qt720nccr3FIlSieDg=
31,17,TEzjMh36rozPa5uTdVC6DfOSfsw=,gJx4jGwvo9RSeHizrkaGoRaNgNE=
29,22,TEzjMh36rozPa5uTdVC6DfOSfsw=,fpqTCyRKsomYphCbSFIAzR1v6fg=
29,27,TEzjMh36rozPa5uTdVC6DfOSfsw=,Uq/Ne//3LlIVZdsAKw7JuAsRbR8=
29,29,TEzjMh36rozPa5uTdVC6DfOSfsw=,//c6DqxTCzGG+7yZVnDulhYQuWE=
30,29,TEzjMh36rozPa5uTdVC6DfOSfsw=,p2MqZ6Uny/gFRnM7v2udemwC4ro=
31,29,TEzjMh36rozPa5uTdVC6DfOSfsw=,p2MqZ6Uny/gFRnM7v2udemwC4ro=
31,27,TEzjMh36rozPa5uTdVC6DfOSfsw=,PQyq1s3g2Qt720nccr3FIlSieDg=
29,16,TEzjMh36rozPa5uTdVC6DfOSfsw=,5IvwX8gaLbxVoGdoVFZJWFS1PuE=
29,25,TEzjMh36rozPa5uTdVC6DfOSfsw=,AymBfUK5xxwz3oGToiluDaRRnXk=
30,27,TEzjMh36rozPa5uTdVC6DfOSfsw=,PQyq1s3g2Qt720nccr3FIlSieDg=
31,16,TEzjMh36rozPa5uTdVC6DfOSfsw=,gJx4jGwvo9RSeHizrkaGoRaNgNE=
30,17,TEzjMh36rozPa5uTdVC6DfOSfsw=,gJx4jGwvo9RSeHizrkaGoRaNgNE=
31,28,TEzjMh36rozPa5uTdVC6DfOSfsw=,p2MqZ6Uny/gFRnM7v2udemwC4ro=
30,28,TEzjMh36rozPa5uTdVC6DfOSfsw=,p2MqZ6Uny/gFRnM7v2udemwC4ro=
30,16,TEzjMh36rozPa5uTdVC6DfOSfsw=,gJx4jGwvo9RSeHizrkaGoRaNgNE=
16,16,TEzjMh36rozPa5uTdVC6DfOSfsw=,Eo0tuiJERSESv1Q4y4n2mUyUvE0=
29,21,TEzjMh36rozPa5uTdVC6DfOSfsw=,KdAltSIFZ5yLrtNpMCYLTg8x0J8=
29,18,TEzjMh36rozPa5uTdVC6DfOSfsw=,YT4FcfeEYYW+V2vwlE+2E2fG9Mc=
30,21,YOUQtbudACNwY9QnaXBYp6jhMQU=,MeTw5kpya6xW6vVP8NwsA7uS+0c=
16,17,YOUQtbudACNwY9QnaXBYp6jhMQU=,Eo0tuiJERSESv1Q4y4n2mUyUvE0=
16,18,YOUQtbudACNwY9QnaXBYp6jhMQU=,VFznpAlr9l8saZSYM03Ysnb2lmA=
18,20,YOUQtbudACNwY9QnaXBYp6jhMQU=,b12a4iv5ns3IVsjYOlhATM9qgEY=
18,21,YOUQtbudACNwY9QnaXBYp6jhMQU=,b12a4iv5ns3IVsjYOlhATM9qgEY=
17,21,hphb1h6BNdzmfmUcChRll+N7bdw=,DkJCMGb6Nujt6vpiT2y1asV4vo8=
18,22,hphb1h6BNdzmfmUcChRll+N7bdw=,XbvDugbttoM1fWFPBlyxqjEhUTk=
17,22,hphb1h6BNdzmfmUcChRll+N7bdw=,9u2zYwn0MiJOBSVKYfSkjN9ZcSA=
17,23,hphb1h6BNdzmfmUcChRll+N7bdw=,9u2zYwn0MiJOBSVKYfSkjN9ZcSA=
17,20,hphb1h6BNdzmfmUcChRll+N7bdw=,DkJCMGb6Nujt6vpiT2y1asV4vo8=
17,19,hphb1h6BNdzmfmUcChRll+N7bdw=,VFznpAlr9l8saZSYM03Ysnb2lmA=
20,29,hphb1h6BNdzmfmUcChRll+N7bdw=,kou6IZrgtzmi182+MIuaNt+sz38=
18,29,hphb1h6BNdzmfmUcChRll+N7bdw=,cqK0z//n8crvgC3QbDQLQq4oQgo=
19,29,hphb1h6BNdzmfmUcChRll+N7bdw=,cqK0z//n8crvgC3QbDQLQq4oQgo=
17,29,hphb1h6BNdzmfmUcChRll+N7bdw=,SGjF+dMtAGfBukoFw/0nlqcN/W0=
18,19,hphb1h6BNdzmfmUcChRll+N7bdw=,eEElb6r5N42RZKjcVYTZIUoSp3Q=
16,28,hphb1h6BNdzmfmUcChRll+N7bdw=,SGjF+dMtAGfBukoFw/0nlqcN/W0=
20,28,hphb1h6BNdzmfmUcChRll+N7bdw=,kou6IZrgtzmi182+MIuaNt+sz38=
16,27,hphb1h6BNdzmfmUcChRll+N7bdw=,b/grEEw5reORJ8byjmCpvS9h8l0=
20,27,hphb1h6BNdzmfmUcChRll+N7bdw=,5fb0lswIOjHTmCGxGQ8outfjMDQ=
16,26,hphb1h6BNdzmfmUcChRll+N7bdw=,b/grEEw5reORJ8byjmCpvS9h8l0=
24,29,hphb1h6BNdzmfmUcChRll+N7bdw=,YYcU/+kfoJquMWy2j9ziV5tzMHI=
22,29,hphb1h6BNdzmfmUcChRll+N7bdw=,n0ovQt9IJJ62J6dOFjrbh2P+7DI=
21,29,hphb1h6BNdzmfmUcChRll+N7bdw=,kou6IZrgtzmi182+MIuaNt+sz38=
23,29,hphb1h6BNdzmfmUcChRll+N7bdw=,n0ovQt9IJJ62J6dOFjrbh2P+7DI=
16,29,hphb1h6BNdzmfmUcChRll+N7bdw=,SGjF+dMtAGfBukoFw/0nlqcN/W0=
28,29,hphb1h6BNdzmfmUcChRll+N7bdw=,//c6DqxTCzGG+7yZVnDulhYQuWE=
25,29,hphb1h6BNdzmfmUcChRll+N7bdw=,YYcU/+kfoJquMWy2j9ziV5tzMHI=
26,29,hphb1h6BNdzmfmUcChRll+N7bdw=,xHsOQG6Y294O01aw1faQofJ88Bc=
27,29,hphb1h6BNdzmfmUcChRll+N7bdw=,xHsOQG6Y294O01aw1faQofJ88Bc=
18,23,hphb1h6BNdzmfmUcChRll+N7bdw=,XbvDugbttoM1fWFPBlyxqjEhUTk=
18,26,hphb1h6BNdzmfmUcChRll+N7bdw=,bYzXEYFTbgOIVZBRkGnor4pHe1w=
17,26,hphb1h6BNdzmfmUcChRll+N7bdw=,b/grEEw5reORJ8byjmCpvS9h8l0=
17,28,hphb1h6BNdzmfmUcChRll+N7bdw=,SGjF+dMtAGfBukoFw/0nlqcN/W0=
17,24,hphb1h6BNdzmfmUcChRll+N7bdw=,ctcMC4Q67t82N7FxVpy9W/0Wook=
16,25,hphb1h6BNdzmfmUcChRll+N7bdw=,ctcMC4Q67t82N7FxVpy9W/0Wook=
18,25,hphb1h6BNdzmfmUcChRll+N7bdw=,8NY89Ry5SMISMRzuQ1uam4jQkYM=
31,24,hphb1h6BNdzmfmUcChRll+N7bdw=,SGH40Q/HaadqIwGOwgdMu6+Lidg=
18,27,hphb1h6BNdzmfmUcChRll+N7bdw=,bYzXEYFTbgOIVZBRkGnor4pHe1w=
17,27,hphb1h6BNdzmfmUcChRll+N7bdw=,b/grEEw5reORJ8byjmCpvS9h8l0=
19,27,hphb1h6BNdzmfmUcChRll+N7bdw=,bYzXEYFTbgOIVZBRkGnor4pHe1w=
18,28,hphb1h6BNdzmfmUcChRll+N7bdw=,cqK0z//n8crvgC3QbDQLQq4oQgo=
19,28,hphb1h6BNdzmfmUcChRll+N7bdw=,cqK0z//n8crvgC3QbDQLQq4oQgo=
31,23,hphb1h6BNdzmfmUcChRll+N7bdw=,78FGEk3eMWh4DCis1VqoqhevZGg=
17,25,hphb1h6BNdzmfmUcChRll+N7bdw=,ctcMC4Q67t82N7FxVpy9W/0Wook=
31,21,hphb1h6BNdzmfmUcChRll+N7bdw=,MeTw5kpya6xW6vVP8NwsA7uS+0c=
16,24,hphb1h6BNdzmfmUcChRll+N7bdw=,ctcMC4Q67t82N7FxVpy9W/0Wook=
31,22,hphb1h6BNdzmfmUcChRll+N7bdw=,78FGEk3eMWh4DCis1VqoqhevZGg=
18,24,hphb1h6BNdzmfmUcChRll+N7bdw=,8NY89Ry5SMISMRzuQ1uam4jQkYM=
16,19,hphb1h6BNdzmfmUcChRll+N7bdw=,VFznpAlr9l8saZSYM03Ysnb2lmA=
16,21,hphb1h6BNdzmfmUcChRll+N7bdw=,DkJCMGb6Nujt6vpiT2y1asV4vo8=
16,20,hphb1h6BNdzmfmUcChRll+N7bdw=,DkJCMGb6Nujt6vpiT2y1asV4vo8=
16,22,hphb1h6BNdzmfmUcChRll+N7bdw=,9u2zYwn0MiJOBSVKYfSkjN9ZcSA=
16,23,SZxqBiw24ixo54k61Whd77OPhyU=,9u2zYwn0MiJOBSVKYfSkjN9ZcSA=
